"Orden","Familia","Taxa","Ingles","Español","...7","Species"
"","","","","","",NA
"Tinamiformes","","","","","",NA
"","Tinamidae","","","","",NA
"","","Nothocercus bonapartei","Highland Tinamou","Tinamú Serrano (Gallina de monte de Altura, Gongolona)","","Highland Tinamou"
"","","Tinamus major","Great Tinamou","Tinamú Grande (Gallina de monte, Perdiz, Gongolona, Yerre)","","Great Tinamou"
"","","Crypturellus soui","Little Tinamou","Tinamú Chico (Gallina de monte Chica, Gongolona, Yerre, Ponchita)","","Little Tinamou"
"","","Crypturellus boucardi","Slaty-breasted Tinamou","Tinamú Pizarroso (Gallina de monte Patirroja)","","Slaty-breasted Tinamou"
"","","Crypturellus cinnamomeus","Thicket Tinamou","Tinamú Canelo (Gallina de monte, Gongolona, Perdiz)","","Thicket Tinamou"
"Anseriformes","","","","","",NA
"","Anatidae","","","","",NA
"","","Dendrocygna viduata","White-faced Whistling-Duck","Pijije Cariblanco (Piche Careto)","",NA
"","","Dendrocygna autumnalis","Black-bellied Whistling-Duck","Pijije Común (Piche, Quichichi, Pichichi)","",NA
"","","Dendrocygna bicolor","Fulvous Whistling-Duck","Pijije Canelo (Piche Canelo)","",NA
"","","Anser albifrons","Greater White-fronted Goose","Ganso Careto Mayor","",NA
"","","Sarkidiornis sylvicola","Comb Duck","Pato Crestudo","",NA
"","","Cairina moschata","Muscovy Duck","Pato Real (Pato Perulero)","","Muscovy Duck"
"","","Spatula discors","Blue-winged Teal","Cerceta Aliazul (Pato Canadiense, Zarceta, Carraco)","","Blue-winged Teal"
"","","Spatula cyanoptera","Cinnamon Teal","Cerceta Castaña (Carraco)","",NA
"","","Spatula clypeata","Northern Shoveler","Pato Cuchara (Carraco)","",NA
"","","Mareca americana","American Wigeon","Pato Calvo (Carraco)","",NA
"","","Anas platyrhynchos","Mallard","Pato Cabeciverde (Carraco)","",NA
"","","Anas bahamensis","White-cheeked Pintail","Pato Gargantilla","",NA
"","","Anas acuta","Northern Pintail","Pato Rabudo (Carraco Colilargo)","",NA
"","","Anas crecca","Green-winged Teal","Cerceta Aliverde (Carraco, Zarceta)","",NA
"","","Aythya valisineria","Canvasback","Porrón Picudo","",NA
"","","Aythya americana","Redhead","Porrón Americano (Pato Cabeza Roja)","",NA
"","","Aythya ferina","Common Pochard","Porrón Europeo","",NA
"","","Aythya collaris","Ring-necked Duck","Porrón Collarejo (Pato)","",NA
"","","Aythya marila","Greater Scaup","Porrón Mayor (Pato)","",NA
"","","Aythya affinis","Lesser Scaup","Porrón Menor (Pato)","","Lesser Scaup"
"","","Lophodytes cucullatus","Hooded Merganser","Serreta Capuchona (Pato de Cresta)","",NA
"","","Mergus serrator","Red-breasted Merganser","Serreta Pechirrojo","",NA
"","","Nomonyx dominicus","Masked Duck","Pato Enmascarado","",NA
"","","Oxyura jamaicensis","Ruddy Duck","Pato Cariblanco","",NA
"Galliformes","","","","","",NA
"","Cracidae","","","","",NA
"","","Ortalis vetula","Plain Chachalaca","Chachalaca Olivácea (Chachalaca)","","Plain Chachalaca"
"","","Ortalis cinereiceps","Gray-headed Chachalaca","Chachalaca Cabecigrís (Chachalaca, Pavita)","","Gray-headed Chachalaca"
"","","Penelope purpurascens","Crested Guan","Pava Crestada (Pava Granadera)","","Crested Guan"
"","","Chamaepetes unicolor","Black Guan","Pava Negra (Pajuila)","","Black Guan"
"","","Crax rubra","Great Curassow","Pavón Grande (Pavón, Granadera)","","Great Curassow"
"","Odontophoridae","","","","",NA
"","","Rhynchortyx cinctus","Tawny-faced Quail","Codorniz Carirrufa","",NA
"","","Dendrortyx leucophrys","Buffy-crowned Wood-Partridge","Perdiz Montañera (Chirrascuá)","",NA
"","","Colinus cristatus","Crested Bobwhite","Codorniz Crestada (Codorniz de Monte)","","Crested Bobwhite"
"","","Odontophorus gujanensis","Marbled Wood-Quail","Codorniz Corcovado (Julián Piojo)","",NA
"","","Odontophorus melanotis","Black-eared Wood-Quail","Codorniz Orejinegra (Chirrascuá, Gallinita)","","Black-eared Wood-Quail"
"","","Odontophorus leucolaemus","Black-breasted Wood-Quail","Codorniz Pechinegra (Gallinita de Monte, Chirrascuá, Huevos de Chancho)","",NA
"","","Odontophorus guttatus","Spotted Wood-Quail","Codorniz Moteada","",NA
"Podicipediformes","","","","","",NA
"","Podicipedidae","","","","",NA
"","","Tachybaptus dominicus","Least Grebe","Zambullidor Enano","","Least Grebe"
"","","Podilymbus podiceps","Pied-billed Grebe","Zambullidor Piquipinto (Pico Pinto)","",NA
"","","Podiceps nigricollis","Eared Grebe","Zambullidor Mediano","",NA
"Columbiformes","","","","","",NA
"","Columbidae","","","","",NA
"","","Columba livia","Rock Pigeon","Paloma Doméstica (Paloma de Castilla)","",NA
"","","Patagioenas cayennensis","Pale-vented Pigeon","Paloma Colorada (Paloma Morada)","","Pale-vented Pigeon"
"","","Patagioenas speciosa","Scaled Pigeon","Paloma Escamosa (Paloma Morada)","","Scaled Pigeon"
"","","Patagioenas leucocephala","White-crowned Pigeon","Paloma Coroniblanca","",NA
"","","Patagioenas flavirostris","Red-billed Pigeon","Paloma Piquirroja (Paloma Morada Común)","","Red-billed Pigeon"
"","","Patagioenas fasciata","Band-tailed Pigeon","Paloma Collareja","","Band-tailed Pigeon"
"","","Patagioenas subvinacea","Ruddy Pigeon","Paloma Rojiza (Paloma Morada)","",NA
"","","Patagioenas nigrirostris","Short-billed Pigeon","Paloma Piquicorta (Paloma Morada, Dos-tontos-son)","","Short-billed Pigeon"
"","","Streptopelia decaocto","Eurasian Collared-Dove","Tórtola Turca","",NA
"","","Columbina inca","Inca Dove","Tortolita Colilarga (San Juan, Tórtola)","","Inca Dove"
"","","Columbina passerina","Common Ground Dove","Tortolita Común (Tortolita, Palomita)","","Common Ground Dove"
"","","Columbina minuta","Plain-breasted Ground Dove","Tortolita Menuda (Tortolita, Conchita)","","Plain-breasted Ground Dove"
"","","Columbina talpacoti","Ruddy Ground Dove","Tortolita Rojiza (Tortolita, Palomita Colorada)","","Ruddy Ground Dove"
"","","Claravis pretiosa","Blue Ground Dove","Tortolita Azulada","","Blue Ground Dove"
"","","Paraclaravis mondetoura","Maroon-chested Ground Dove","Tortolita Serranera","",NA
"","","Geotrygon montana","Ruddy Quail-Dove","Paloma-Perdiz Rojiza","",NA
"","","Geotrygon violacea","Violaceous Quail-Dove","Paloma-Perdiz Violácea","",NA
"","","Leptotrygon veraguensis","Olive-backed Quail-Dove","Paloma-Perdiz Bigotiblanca","","Olive-backed Quail-Dove"
"","","Leptotila verreauxi","White-tipped Dove","Paloma Coliblanca (Coliblanca, Yuré)","","White-tipped Dove"
"","","Leptotila cassinii","Gray-chested Dove","Paloma Pechigrís (Yuré)","","Gray-chested Dove"
"","","Leptotila plumbeiceps","Gray-headed Dove","Paloma Coronigrís (Yuré)","",NA
"","","Zentrygon costaricensis","Buff-fronted Quail-Dove","Paloma-Perdiz Costarricense","",NA
"","","Zentrygon lawrencii","Purplish-backed Quail-Dove","Paloma-Perdiz Sombría","",NA
"","","Zentrygon chiriquensis","Chiriqui Quail-Dove","Paloma-Perdiz Pechicanela","","Chiriqui Quail-Dove"
"","","Zenaida asiatica","White-winged Dove","Paloma Aliblanca (Arrocera)","","White-winged Dove"
"","","Zenaida auriculata","Eared Dove","Paloma Torcaza","",NA
"","","Zenaida macroura","Mourning Dove","Paloma Rabuda","",NA
"Cuculiformes","","","","","",NA
"","Cuculidae","","","","",NA
"","","Crotophaga major","Greater Ani","Garrapatero Mayor (Tijo)","",NA
"","","Crotophaga ani","Smooth-billed Ani","Garrapatero Piquiliso (Tijo, Tinco)","",NA
"","","Crotophaga sulcirostris","Groove-billed Ani","Garrapatero Piquiestriado (Tijo, Tinco, Zopilotillo)","","Groove-billed Ani"
"","","Tapera naevia","Striped Cuckoo","Cuclillo Listado (Rondero, Tres Pesos, Ave de las Ánimas)","",NA
"","","Dromococcyx phasianellus","Pheasant Cuckoo","Cuclillo Faisán","",NA
"","","Morococcyx erythropygus","Lesser Ground-Cuckoo","Cuclillo Sabanero (Horero)","","Lesser Ground-Cuckoo"
"","","Neomorphus geoffroyi","Rufous-vented Ground-Cuckoo","Cuco Hormiguero","",NA
"","","Piaya cayana","Squirrel Cuckoo","Cuco Ardilla (Bobo Chiso, Cacao, San Miguel)","","Squirrel Cuckoo"
"","","Coccyzus melacoryphus","Dark-billed Cuckoo","Cuclillo Piquioscuro","",NA
"","","Coccyzus americanus","Yellow-billed Cuckoo","Cuclillo Piquigualdo","",NA
"","","Coccyzus minor","Mangrove Cuckoo","Cuclillo de Antifaz","",NA
"","","Coccyzus ferrugineus","Cocos Cuckoo","Cuclillo de la Isla del Coco","",NA
"","","Coccyzus erythropthalmus","Black-billed Cuckoo","Cuclillo Piquinegro","",NA
"Caprimulgiformes","","","","","",NA
"","Caprimulgidae","","","","",NA
"","","Chordeiles acutipennis","Lesser Nighthawk","Añapero Menor (Gavilán)","","Lesser Nighthawk"
"","","Chordeiles minor","Common Nighthawk","Añapero Zumbón","",NA
"","","Lurocalis semitorquatus","Short-tailed Nighthawk","Añapero Colicorto","",NA
"","","Nyctidromus albicollis","Common Pauraque","Tapacaminos Común (Cuyeo, Pucuyo)","","Common Pauraque"
"","","Hydropsalis cayennensis","White-tailed Nightjar","Chotacabras Coliblanco","",NA
"","","Nyctiphrynus ocellatus","Ocellated Poorwill","Chotacabras Ocelado","",NA
"","","Antrostomus carolinensis","Chuck-will's-widow","Chotacabras de Paso","",NA
"","","Antrostomus rufus","Rufous Nightjar","Chotacabras Rojizo","",NA
"","","Antrostomus ridgwayi","Buff-collared Nightjar","Chotacabras Tucuchillo","",NA
"","","Antrostomus vociferus","Eastern Whip-poor-will","Chotacabras Norteño","",NA
"","","Antrostomus saturatus","Dusky Nightjar","Chotacabras Sombrío (Tres Cobijas)","",NA
"Nyctibiiformes","","","","","",NA
"","Nyctibiidae","","","","",NA
"","","Nyctibius grandis","Great Potoo","Nictibio Grande (Pájaro Estaca, Leona, Bruja)","","Great Potoo"
"","","Nyctibius griseus","Common Potoo","Nictibio Común (Pájaro Estaca, Pájaro Palo)","","Common Potoo"
"","","Nyctibius jamaicensis","Northern Potoo","Nictibio Norteño (Pájaro Estaca, Gozona)","",NA
"Steatornithiformes","","","","","",NA
"","Steatornithidae","","","","",NA
"","","Steatornis caripensis","Oilbird","Guácharo","",NA
"Apodiformes","","","","","",NA
"","Apodidae","","","","",NA
"","","Cypseloides niger","Black Swift","Vencejo Negro","",NA
"","","Cypseloides cryptus","White-chinned Swift","Vencejo Sombrío","","White-chinned Swift"
"","","Cypseloides cherriei","Spot-fronted Swift","Vencejo de Cherrie","",NA
"","","Streptoprocne rutila","Chestnut-collared Swift","Vencejo Cuellicastaño","",NA
"","","Streptoprocne zonaris","White-collared Swift","Vencejón Collarejo (Golondrón)","","White-collared Swift"
"","","Chaetura cinereiventris","Gray-rumped Swift","Vencejo Lomigrís","","Gray-rumped Swift"
"","","Chaetura fumosa","Costa Rican Swift","Vencejo de Rabadilla Clara","",NA
"","","Chaetura pelagica","Chimney Swift","Vencejo de Paso","",NA
"","","Chaetura vauxi","Vaux's Swift","Vencejo Común","","Vaux's Swift"
"","","Panyptila cayennensis","Lesser Swallow-tailed Swift","Vencejo Tijereta Menor (Macuá)","","Lesser Swallow-tailed Swift"
"","","Panyptila sanctihieronymi","Great Swallow-tailed Swift","Vencejo Tijereta Mayor","",NA
"","Trochilidae","","","","",NA
"","","Florisuga mellivora","White-necked Jacobin","Jacobino Nuquiblanco","","White-necked Jacobin"
"","","Eutoxeres aquila","White-tipped Sicklebill","Pico de Hoz","","White-tipped Sicklebill"
"","","Glaucis aeneus","Bronzy Hermit","Ermitaño Bronceado","","Bronzy Hermit"
"","","Threnetes ruckeri","Band-tailed Barbthroat","Ermitaño Barbudo","","Band-tailed Barbthroat"
"","","Phaethornis guy","Green Hermit","Ermitaño Verde","","Green Hermit"
"","","Phaethornis longirostris","Long-billed Hermit","Ermitaño Colilargo","","Long-billed Hermit"
"","","Phaethornis striigularis","Stripe-throated Hermit","Ermitaño Enano","","Stripe-throated Hermit"
"","","Doryfera ludovicae","Green-fronted Lancebill","Pico de Lanza Frentiverde","",NA
"","","Colibri delphinae","Brown Violetear","Colibrí Orejivioláceo Pardo","","Brown Violetear"
"","","Colibri cyanotus","Lesser Violetear","Colibrí Orejivioláceo Verde","",NA
"","","Heliothryx barroti","Purple-crowned Fairy","Colibrí Picopunzón","","Purple-crowned Fairy"
"","","Anthracothorax prevostii","Green-breasted Mango","Colibrí Manguito Pechiverde","",NA
"","","Anthracothorax veraguensis","Veraguan Mango","Colibrí Manguito de Veragua","",NA
"","","Discosura conversii","Green Thorntail","Colibrí Colicerda Verde","",NA
"","","Lophornis delattrei","Rufous-crested Coquette","Coqueta Crestirrojiza","",NA
"","","Lophornis helenae","Black-crested Coquette","Coqueta Crestinegra","","Black-crested Coquette"
"","","Lophornis adorabilis","White-crested Coquette","Coqueta Crestiblanca","",NA
"","","Heliodoxa jacula","Green-crowned Brilliant","Colibrí Brillante Frentiverde","",NA
"","","Eugenes spectabilis","Talamanca Hummingbird","Colibrí de Talamanca","",NA
"","","Heliomaster longirostris","Long-billed Starthroat","Colibrí Piquilargo (Pochotero del Sur)","","Long-billed Starthroat"
"","","Heliomaster constantii","Plain-capped Starthroat","Colibrí Pochotero","",NA
"","","Panterpe insignis","Fiery-throated Hummingbird","Colibrí Garganta de Fuego","",NA
"","","Lampornis hemileucus","White-bellied Mountain-gem","Colibrí Montañés Vientriblanco","",NA
"","","Lampornis calolaemus","Purple-throated Mountain-gem","Colibrí Montañés Gorgimorado","","Purple-throated Mountain-gem"
"","","Lampornis castaneoventris","White-throated Mountain-gem","Colibrí Montañés Gorgiblanco","",NA
"","","Philodice bryantae","Magenta-throated Woodstar","Colibrí Estrellita Gorgimorada","",NA
"","","Archilochus colubris","Ruby-throated Hummingbird","Colibrí Garganta de Rubí","","Ruby-throated Hummingbird"
"","","Selasphorus flammula","Volcano Hummingbird","Colibrí Chispita Volcanera (Chispita, Colibrí Mosca)","",NA
"","","Selasphorus scintilla","Scintillant Hummingbird","Colibrí Chispita Gorginaranja (Chispita, Colibrí Mosca)","",NA
"","","Cynanthus canivetii","Canivet's Emerald","Esmeralda Rabihorcada","","Canivet's Emerald"
"","","Chlorostilbon assimilis","Garden Emerald","Esmeralda Jardinero","",NA
"","","Klais guimeti","Violet-headed Hummingbird","Colibrí Cabeciazul","","Violet-headed Hummingbird"
"","","Campylopterus hemileucurus","Violet Sabrewing","Ala de Sable Violáceo","","Violet Sabrewing"
"","","Chalybura urochrysia","Bronze-tailed Plumeleteer","Colibrí Patirrojo","","Bronze-tailed Plumeleteer"
"","","Thalurania colombica","Crowned Woodnymph","Colibrí Ninfa Verde-Violeta","","Crowned Woodnymph"
"","","Microchera albocoronata","Snowcap","Colibrí Copete de Nieve","","Snowcap"
"","","Microchera cupreiceps","Coppery-headed Emerald","Esmeralda de Coronilla Cobriza","","Coppery-headed Emerald"
"","","Microchera chionura","White-tailed Emerald","Esmeralda Coliblanca","",NA
"","","Eupherusa eximia","Stripe-tailed Hummingbird","Colibrí Colirrayado","","Stripe-tailed Hummingbird"
"","","Eupherusa nigriventris","Black-bellied Hummingbird","Colibrí Pechinegro","",NA
"","","Phaeochroa cuvierii","Scaly-breasted Hummingbird","Colibrí Pechiescamado","","Scaly-breasted Hummingbird"
"","","Saucerottia hoffmanni","Blue-vented Hummingbird","Colibrí Vientriazul (Gorrión)","",NA
"","","Saucerottia cyanura","Blue-tailed Hummingbird","Colibrí Coliazul (Gorrión)","","Blue-tailed Hummingbird"
"","","Saucerottia edward","Snowy-bellied Hummingbird","Colibrí Vientriblanco (Gorrión)","",NA
"","","Amazilia rutila","Cinnamon Hummingbird","Colibrí Canelo (Gorrión)","","Cinnamon Hummingbird"
"","","Amazilia tzacatl","Rufous-tailed Hummingbird","Colibrí Rabirrufo (Gorrión)","","Rufous-tailed Hummingbird"
"","","Amazilia boucardi","Mangrove Hummingbird","Colibrí de Manglar (Gorrión)","",NA
"","","Chrysuronia coeruleogularis","Sapphire-throated Hummingbird","Colibrí Garganta de Zafiro","",NA
"","","Polyerata amabilis","Blue-chested Hummingbird","Colibrí Pechiazul (Gorrión)","","Blue-chested Hummingbird"
"","","Polyerata decora","Charming Hummingbird","Colibrí Corona de Berilo (Gorrión)","",NA
"","","Chlorestes candida","White-bellied Emerald","Colibrí Pechiblanco (Gorrión)","",NA
"","","Chlorestes eliciae","Blue-throated Goldentail","Colibrí Colidorado","","Blue-throated Goldentail"
"Gruiformes","","","","","",NA
"","Rallidae","","","","",NA
"","","Rallus longirostris","Mangrove Rail","Rascón Picudo","",NA
"","","Mustelirallus erythrops","Paint-billed Crake","Polluela Piquirroja","",NA
"","","Pardirallus maculatus","Spotted Rail","Rascón Moteado","",NA
"","","Amaurolimnas concolor","Uniform Crake","Rascón Café","",NA
"","","Aramides axillaris","Rufous-necked Wood-Rail","Rascón Cuellirrufo","",NA
"","","Aramides albiventris","Russet-naped Wood-Rail","Rascón Pomponé","","Russet-naped Wood-Rail"
"","","Aramides cajaneus","Gray-cowled Wood-Rail","Rascón Cuelligrís (Chirincoco, Pomponé, Pone-pone)","",NA
"","","Porzana carolina","Sora","Polluela Sora","","Sora"
"","","Gallinula galeata","Common Gallinule","Gallareta Frentirroja (Gallineta)","",NA
"","","Fulica americana","American Coot","Focha Americana","",NA
"","","Porphyrio martinicus","Purple Gallinule","Gallareta Morada (Polla de Agua, Gallina de Agua, Calamón Morada)","","Purple Gallinule"
"","","Rufirallus schomburgkii","Ocellated Crake","Polluela Ocelada","",NA
"","","Hapalocrex flaviventer","Yellow-breasted Crake","Polluela Pechiamarilla","",NA
"","","Laterallus ruber","Ruddy Crake","Polluela Colorada","",NA
"","","Laterallus albigularis","White-throated Crake","Polluela Gargantiblanca (Freidora, Huevo frito)","","White-throated Crake"
"","","Laterallus exilis","Gray-breasted Crake","Polluela Pechigrís","",NA
"","","Laterallus jamaicensis","Black Rail","Polluela Negra","",NA
"","Heliornithidae","","","","",NA
"","","Heliornis fulica","Sungrebe","Pato Cantil (Perrito de Agua, Toboba)","",NA
"","Aramidae","","","","",NA
"","","Aramus guarauna","Limpkin","Carao (Correa)","",NA
"Charadriiformes","","","","","",NA
"","Burhinidae","","","","",NA
"","","Hesperoburhinus bistriatus","Double-striped Thick-knee","Alcaraván Americano (Alcaraván)","","Double-striped Thick-knee"
"","Recurvirostridae","","","","",NA
"","","Himantopus mexicanus","Black-necked Stilt","Cigüeñuela Cuellinegro (Soldadito)","",NA
"","","Recurvirostra americana","American Avocet","Avoceta Americana","",NA
"","Haematopodidae","","","","",NA
"","","Haematopus palliatus","American Oystercatcher","Ostrero Americano","",NA
"","Charadriidae","","","","",NA
"","","Pluvialis squatarola","Black-bellied Plover","Chorlito Gris","",NA
"","","Pluvialis dominica","American Golden-Plover","Chorlito Dorado Menor","",NA
"","","Pluvialis fulva","Pacific Golden-Plover","Chorlito Dorado del Pacífico","",NA
"","","Vanellus chilensis","Southern Lapwing","Chorlitazo Sureño (Avefría)","","Southern Lapwing"
"","","Anarhynchus collaris","Collared Plover","Chorlitejo Collarejo (Turillo)","",NA
"","","Anarhynchus nivosus","Snowy Plover","Chorlitejo Patinegro (Chorlito, Turillo)","",NA
"","","Anarhynchus wilsonia","Wilson's Plover","Chorlitejo Picudo (Chorlito Gritón, Turillo)","",NA
"","","Charadrius semipalmatus","Semipalmated Plover","Chorlitejo Semipalmado (Chorlito, Turillo)","",NA
"","","Charadrius melodus","Piping Plover","Chorlitejo Silbador","",NA
"","","Charadrius vociferus","Killdeer","Chorlitejo de Dos Collares (Pijije, Tildío)","","Killdeer"
"","Jacanidae","","","","",NA
"","","Jacana spinosa","Northern Jacana","Jacana Centroamericana (Cirujano, Gallito de Agua, Mulita, Yegüita)","","Northern Jacana"
"","","Jacana jacana","Wattled Jacana","Jacana Sureña","",NA
"","Scolopacidae","","","","",NA
"","","Bartramia longicauda","Upland Sandpiper","Pradero (Gansa)","",NA
"","","Numenius phaeopus","Whimbrel","Zarapito Trinador (Cherelá, Zarceta)","",NA
"","","Numenius americanus","Long-billed Curlew","Zarapito Piquilargo","",NA
"","","Limosa haemastica","Hudsonian Godwit","Aguja Lomiblanca","",NA
"","","Limosa fedoa","Marbled Godwit","Aguja Canela","",NA
"","","Limnodromus griseus","Short-billed Dowitcher","Agujeta Común","",NA
"","","Limnodromus scolopaceus","Long-billed Dowitcher","Agujeta Silbona","",NA
"","","Gallinago delicata","Wilson's Snipe","Becacina Común (Becada)","","Wilson's Snipe"
"","","Phalaropus tricolor","Wilson's Phalarope","Falaropo Tricolor","",NA
"","","Phalaropus fulicarius","Red Phalarope","Falaropo Rojo","",NA
"","","Phalaropus lobatus","Red-necked Phalarope","Falaropo Picofino","",NA
"","","Actitis macularius","Spotted Sandpiper","Andarríos Maculado (Alzacolita, Piririza, Tigüiza)","","Spotted Sandpiper"
"","","Tringa solitaria","Solitary Sandpiper","Andarríos Solitario (Tigüiza)","","Solitary Sandpiper"
"","","Tringa incana","Wandering Tattler","Correlimos Vagabundo","",NA
"","","Tringa flavipes","Lesser Yellowlegs","Patiamarillo Menor (Pijije, Zarceta)","",NA
"","","Tringa semipalmata","Willet","Pigüilo","",NA
"","","Tringa melanoleuca","Greater Yellowlegs","Patiamarillo Mayor (Correlimos Grande, Pijije, Zarceta)","",NA
"","","Arenaria interpres","Ruddy Turnstone","Vuelvepiedras Rojizo","",NA
"","","Calidris canutus","Red Knot","Correlimos Grande","",NA
"","","Calidris virgata","Surfbird","Chorlito de Rompientes","",NA
"","","Calidris pugnax","Ruff","Combatiente","",NA
"","","Calidris ferruginea","Curlew Sandpiper","Correlimos Zarapitín","",NA
"","","Calidris himantopus","Stilt Sandpiper","Correlimos Patilargo (Patudo, Becacina)","",NA
"","","Calidris subruficollis","Buff-breasted Sandpiper","Praderito Pechianteado (Zarceta)","",NA
"","","Calidris alba","Sanderling","Playero Arenero","",NA
"","","Calidris alpina","Dunlin","Correlimos Pechinegro","",NA
"","","Calidris bairdii","Baird's Sandpiper","Correlimos de Baird (Patudo, Becacina)","",NA
"","","Calidris fuscicollis","White-rumped Sandpiper","Correlimos Lomiblanco (Patudo, Becacina)","",NA
"","","Calidris minutilla","Least Sandpiper","Correlimos Menudo (Patudo, Becacina)","",NA
"","","Calidris melanotos","Pectoral Sandpiper","Correlimos Pechirrayado (Patudo, Becacina)","",NA
"","","Calidris mauri","Western Sandpiper","Correlimos Occidental (Patudo, Becacina)","",NA
"","","Calidris pusilla","Semipalmated Sandpiper","Correlimos Semipalmado","",NA
"","Stercorariidae","","","","",NA
"","","Stercorarius longicaudus","Long-tailed Jaeger","Págalo Colilargo","",NA
"","","Stercorarius parasiticus","Parasitic Jaeger","Págalo Parásito","",NA
"","","Stercorarius pomarinus","Pomarine Jaeger","Págalo Pomarino","",NA
"","","Stercorarius maccormicki","South Polar Skua","Salteador Polar","",NA
"","Laridae","","","","",NA
"","","Creagrus furcatus","Swallow-tailed Gull","Gaviota Tijereta","",NA
"","","Rissa tridactyla","Black-legged Kittiwake","Gaviota Patinegra","",NA
"","","Xema sabini","Sabine's Gull","Gaviota de Sabine","",NA
"","","Chroicocephalus philadelphia","Bonaparte’s Gull","Gaviota de Bonaparte","",NA
"","","Chroicocephalus cirrocephalus","Gray-hooded Gull","Gaviota Cabecigris","",NA
"","","Leucophaeus modestus","Gray Gull","Gaviota Torero","",NA
"","","Leucophaeus atricilla","Laughing Gull","Gaviota Reidora","",NA
"","","Leucophaeus pipixcan","Franklin's Gull","Gaviota de Franklin","",NA
"","","Larus heermanni","Heermann's Gull","Gaviota de Heermann","",NA
"","","Larus delawarensis","Ring-billed Gull","Gaviota Piquianillada","",NA
"","","Larus occidentalis","Western Gull","Gaviota Occidental","",NA
"","","Larus dominicanus","Kelp Gull","Gaviota Cocinera","",NA
"","","Larus argentatus","Herring Gull","Gaviota Argéntea","",NA
"","","Larus marinus","Great Black-backed Gull","Gavión Atlántico","",NA
"","","Larus fuscus","Lesser Black-backed Gull","Gaviota Sombría","",NA
"","","Larus californicus","California Gull","Gaviota Californiana","",NA
"","","Rynchops niger","Black Skimmer","Rayador Negro","",NA
"","","Gygis alba","White Tern","Charrán Blanco (Palomita del Espíritu Santo)","",NA
"","","Anous stolidus","Brown Noddy","Tiñosa Común (Charrán Negro)","",NA
"","","Anous minutus","Black Noddy","Tiñosa Negra (Charrán Negro Pequeño)","",NA
"","","Onychoprion fuscatus","Sooty Tern","Charrán Sombrío","",NA
"","","Onychoprion anaethetus","Bridled Tern","Charrán Embridado","",NA
"","","Sternula  antillarum","Least Tern","Charrán Chico","",NA
"","","Sternula superciliaris","Yellow-billed Tern","Charrán Piquiamarillo","",NA
"","","Phaetusa simplex","Large-billed Tern","Charrán Picudo (Charrán de Río)","",NA
"","","Gelochelidon nilotica","Gull-billed Tern","Charrán Piquinegro","",NA
"","","Hydroprogne caspia","Caspian Tern","Pagaza Mayor","",NA
"","","Larosterna inca","Inca Tern","Charrán Inca","",NA
"","","Chlidonias niger","Black Tern","Charrancito Negro","",NA
"","","Sterna forsteri","Forster's Tern","Charrán de Forster","",NA
"","","Sterna paradisaea","Arctic Tern","Charrán Viajero","",NA
"","","Sterna hirundo","Common Tern","Charrán Común","",NA
"","","Sterna dougallii","Roseate Tern","Charrán Rosado","",NA
"","","Thalasseus sandvicensis","Sandwich Tern","Pagaza Puntiamarilla","",NA
"","","Thalasseus elegans","Elegant Tern","Pagaza Elegante","",NA
"","","Thalasseus maximus","Royal Tern","Pagaza Real","",NA
"Eurypygiformes","","","","","",NA
"","Eurypygidae","","","","",NA
"","","Eurypyga helias","Sunbittern","Garza del Sol (Sol y Luna, Ave Canasta)","","Sunbittern"
"Phaethontiformes","","","","","",NA
"","Phaethontidae","","","","",NA
"","","Phaethon lepturus","White-tailed Tropicbird","Rabijunco Cola Blanca","",NA
"","","Phaethon aethereus","Red-billed Tropicbird","Rabijunco Piquirrojo","",NA
"","","Phaethon rubricauda","Red-tailed Tropicbird","Rabijunco Cola Roja","",NA
"Procellariiformes","","","","","",NA
"","Diomedeidae","","","","",NA
"","","Phoebastria irrorata","Waved Albatross","Albatros de Galápagos","",NA
"","","Thalassarche chlororhynchos","Atlantic Yellow-nosed Albatross","Albatros Pico Fino","",NA
"","","","","","",NA
"","Oceanitidae","","","","",NA
"","","Oceanites oceanicus","Wilson's Storm-Petrel","Paiño de Wilson","",NA
"","","Pelagodroma marina","White-faced Storm-Petrel","Paiño Pechialbo","",NA
"","Hydrobatidae","","","","",NA
"","","Hydrobates leucorhous","Leach's Storm-Petrel","Paiño de Leach","",NA
"","","Hydrobates castro","Band-rumped Storm-Petrel","Paiño Rabifajeado","",NA
"","","Hydrobates tethys","Wedge-rumped Storm-Petrel","Paiño Danzarin","",NA
"","","Hydrobates melania","Black Storm-Petrel","Paiño Negro","",NA
"","","Hydrobates markhami","Markham's Storm-Petrel","Paiño de Markham","",NA
"","","Hydrobates microsoma","Least Storm-Petrel","Paiño Menudo","",NA
"","Procellariidae","","","","",NA
"","","Pterodroma hasitata","Black-capped Petrel","Petrel Gorrinegro","",NA
"","","Pterodroma phaeopygia","Galapagos Petrel","Petrel Lomioscuro","",NA
"","","Pseudobulweria rostrata","Tahiti Petrel","Petrel de Tahiti","",NA
"","","Procellaria conspicillata","Spectacled Petrel","Petrel de Anteojos","",NA
"","","Procellaria parkinsoni","Parkinson’s Petrel","Petrel de Parkinson","",NA
"","","Calonectris diomedea","Cory's Shearwater","Pardela Cenicienta","",NA
"","","Ardenna creatopus","Pink-footed Shearwater","Pardela Blanca Común","",NA
"","","Ardenna gravis","Great Shearwater","Pardela Mayor","",NA
"","","Ardenna pacifica","Wedge-tailed Shearwater","Pardela Colicuña","",NA
"","","Ardenna grisea","Sooty Shearwater","Pardela Sombría","",NA
"","","Ardenna tenuirostris","Short-tailed Shearwater","Pardela Colicorta","",NA
"","","Puffinus nativitatis","Christmas Shearwater","Pardela de Navidad","",NA
"","","Puffinus subalaris","Galapagos Shearwater","Pardela de las Galápagos","",NA
"","","Puffinus puffinus","Manx Shearwater","Pardela Manx","",NA
"","","Puffinus opisthomelas","Black-vented Shearwater","Pardela Culinegra","",NA
"","","Puffinus lherminieri","Audubon’s Shearwater","Pardela de Audubon","",NA
"Ciconiiformes","","","","","",NA
"","Ciconiidae","","","","",NA
"","","Ciconia maguari","Maguari Stork","Cigüeña Maguari","",NA
"","","Jabiru mycteria","Jabiru","Jabirú (Galán Sin Ventura, Veterano)","",NA
"","","Mycteria americana","Wood Stork","Cigüeñón (Garzón, Guairón, Cigüeña)","","Wood Stork"
"Suliformes","","","","","",NA
"","Fregatidae","","","","",NA
"","","Fregata magnificens","Magnificent Frigatebird","Rabihorcado Magno (Tijereta, Fragata, Zopilote de Mar)","","Magnificent Frigatebird"
"","","Fregata minor","Great Frigatebird","Rabihorcado Grande (Tijereta)","",NA
"","Sulidae","","","","",NA
"","","Sula sula","Red-footed Booby","Piquero Patirrojo","",NA
"","","Sula leucogaster","Brown Booby","Piquero Moreno (Monjita, Alcatraz)","",NA
"","","Sula dactylatra","Masked Booby","Piquero Blanco","",NA
"","","Sula granti","Nazca Booby","Piquero de Nazca AOCR","",NA
"","","Sula nebouxii","Blue-footed Booby","Piquero Patiazul","",NA
"","","Sula variegata","Peruvian Booby","Piquero Peruano","",NA
"","Anhingidae","","","","",NA
"","","Anhinga anhinga","Anhinga","Aninga (Pato Aguja)","",NA
"","Phalacrocoracidae","","","","",NA
"","","Nannopterum brasilianum","Neotropic Cormorant","Cormorán Neotropical (Pato Chancho, Pato de Agua, Bigua)","",NA
"Pelecaniformes","","","","","",NA
"","Pelecanidae","","","","",NA
"","","Pelecanus erythrorhynchos","American White Pelican","Pelícano Blanco Americano","",NA
"","","Pelecanus occidentalis","Brown Pelican","Pelícano Pardo (Buchón, Pelícano, Alcatraz)","",NA
"","Ardeidae","","","","",NA
"","","Tigrisoma lineatum","Rufescent Tiger-Heron","Garza-Tigre de Selva (Martín Peña, Pájaro Vaco)","",NA
"","","Tigrisoma mexicanum","Bare-throated Tiger-Heron","Garza-Tigre Cuellinuda (Garzón, Martín Peña, Pájaro Vaco)","","Bare-throated Tiger-Heron"
"","","Tigrisoma fasciatum","Fasciated Tiger-Heron","Garza-Tigre de Río (Martín Peña, Pájaro Vaco)","","Fasciated Tiger-Heron"
"","","Cochlearius cochlearius","Boat-billed Heron","Pico Cuchara (Chocuaco, Cuaca)","","Boat-billed Heron"
"","","Agamia agami","Agami Heron","Garza Pechicastaña (Agamia)","",NA
"","","Botaurus lentiginosus","American Bittern","Avetoro Norteño (Puncus)","",NA
"","","Botaurus pinnatus","Pinnated Bittern","Avetoro Neotropical (Puncus, Mirasol)","",NA
"","","Ixobrychus exilis","Least Bittern","Avetorillo Pantanero (Mirasol)","",NA
"","","Nyctanassa violacea","Yellow-crowned Night Heron","Martinete Cabecipinto","","Yellow-crowned Night Heron"
"","","Nycticorax nycticorax","Black-crowned Night Heron","Martinete Coroninegro (Chocuaca)","",NA
"","","Syrigma sibilatrix","Whistling Heron","Garza Silbadora","",NA
"","","Egretta caerulea","Little Blue Heron","Garceta Azul (Garza Negra)","","Little Blue Heron"
"","","Egretta tricolor","Tricolored Heron","Garceta Tricolor","",NA
"","","Egretta rufescens","Reddish Egret","Garceta Rojiza","",NA
"","","Egretta thula","Snowy Egret","Garceta Nivosa","","Snowy Egret"
"","","Butorides striata","Striated Heron","Garcilla Cuelligrís (Chocuaco, Martín Peña)","",NA
"","","Butorides virescens","Green Heron","Garcilla Verde (Martín Peña)","","Green Heron"
"","","Bubulcus ibis","Western Cattle Egret","Garcilla Bueyera (Garcilla Ganadera, Garza Vaquera, Garza de Ganado)","","Western Cattle Egret"
"","","Ardea herodias","Great Blue Heron","Garzón Azulado (Garza Ceniza, Garzón)","","Great Blue Heron"
"","","Ardea alba","Great Egret","Garceta Grande (Garza Real)","","Great Egret"
"","Threskiornithidae","","","","",NA
"","","Eudocimus albus","White Ibis","Ibis Blanco (Coco)","",NA
"","","Plegadis falcinellus","Glossy Ibis","Ibis Morito (Coco Negro)","",NA
"","","Plegadis chihi","White-faced Ibis","Ibis Cariblanco","",NA
"","","Mesembrinibis cayennensis","Green Ibis","Ibis Verde (Coco Negro)","",NA
"","","Phimosus infuscatus","Bare-faced Ibis","Ibis Caripelado","",NA
"","","Platalea ajaja","Roseate Spoonbill","Espátula Rosada (Garza Morena o Rosada, Pato Cuchara o Rosado)","","Roseate Spoonbill"
"Cathartiformes","","","","","",NA
"","Cathartidae","","","","",NA
"","","Sarcoramphus papa","King Vulture","Zopilote Rey (Rey Gallinazo, Rey de Zopilotes)","","King Vulture"
"","","Coragyps atratus","Black Vulture","Zopilote Negro (Zoncho, Gallinazo)","","Black Vulture"
"","","Cathartes aura","Turkey Vulture","Zopilote Cabecirrojo (Zonchite, Noneca)","","Turkey Vulture"
"","","Cathartes burrovianus","Lesser Yellow-headed Vulture","Zopilote Cabecigualdo (Noneca)","",NA
"Accipitriformes","","","","","",NA
"","Pandionidae","","","","",NA
"","","Pandion haliaetus","Osprey","Águila Pescadora (Gavilán Pescador)","","Osprey"
"","Accipitridae","","","","",NA
"","","Gampsonyx swainsonii","Pearl Kite","Elanio Enano","",NA
"","","Elanus leucurus","White-tailed Kite","Elanio Coliblanco (Gavilán Bailarín, Gavilancillo Blanco)","","White-tailed Kite"
"","","Chondrohierax uncinatus","Hook-billed Kite","Gavilán Piquiganchudo","","Hook-billed Kite"
"","","Leptodon cayanensis","Gray-headed Kite","Gavilán Cabecigrís","","Gray-headed Kite"
"","","Elanoides forficatus","Swallow-tailed Kite","Elanio Tijereta (Gavilán Tijereta)","","Swallow-tailed Kite"
"","","Morphnus guianensis","Crested Eagle","Águila Crestada","",NA
"","","Harpia harpyja","Harpy Eagle","Águila Arpía (Aguilucho)","",NA
"","","Spizaetus tyrannus","Black Hawk-Eagle","Aguilillo Negro (Aguilucho)","","Black Hawk-Eagle"
"","","Spizaetus ornatus","Ornate Hawk-Eagle","Aguilillo Penachudo (Aguilucho)","","Ornate Hawk-Eagle"
"","","Spizaetus melanoleucus","Black-and-white Hawk-Eagle","Aguilillo Blanco y Negro (Águila Marcial)","",NA
"","","Microspizias superciliosus","Tiny Hawk","Gavilán Enano (Camaleón)","","Tiny Hawk"
"","","Busarellus nigricollis","Black-collared Hawk","Gavilán de Ciénega (Gavilán Pescador)","",NA
"","","Rostrhamus sociabilis","Snail Kite","Elanio Caracolero (Gavilán Caracolero)","",NA
"","","Harpagus bidentatus","Double-toothed Kite","Gavilán Gorgirrayado","","Double-toothed Kite"
"","","Ictinia mississippiensis","Mississippi Kite","Elanio Colinegro","","Mississippi Kite"
"","","Ictinia plumbea","Plumbeous Kite","Elanio Plomizo","",NA
"","","Circus hudsonius","Northern Harrier","Aguilucho Norteño","",NA
"","","Accipiter poliogaster","Gray-bellied Hawk","Gavilán Vientrigris","",NA
"","","Accipiter striatus","Sharp-shinned Hawk","Gavilán Pajarero (Camaleón)","",NA
"","","Accipiter cooperii","Cooper's Hawk","Gavilán de Cooper (Camaleón)","",NA
"","","Accipiter bicolor","Bicolored Hawk","Gavilán Bicolor (Camaleón)","",NA
"","","Geranospiza caerulescens","Crane Hawk","Gavilán Ranero (Caracolero)","","Crane Hawk"
"","","Buteogallus anthracinus","Common Black Hawk","Gavilán Cangrejero","",NA
"","","Buteogallus meridionalis","Savanna Hawk","Gavilán Sabanero","",NA
"","","Buteogallus urubitinga","Great Black Hawk","Gavilán Negro Mayor (Aguilucho, Gavilán Silbero, Cangrejero)","","Great Black Hawk"
"","","Buteogallus solitarius","Solitary Eagle","Águila Solitaria","",NA
"","","Morphnarchus princeps","Barred Hawk","Gavilán Pechinegro","","Barred Hawk"
"","","Rupornis magnirostris","Roadside Hawk","Gavilán Chapulinero (Pata Podrida)","","Roadside Hawk"
"","","Parabuteo unicinctus","Harris's Hawk","Gavilán Alicastaño","","Harris's Hawk"
"","","Geranoaetus albicaudatus","White-tailed Hawk","Gavilán Coliblanco (Gavilán Sabanero)","",NA
"","","Pseudastur albicollis","White Hawk","Gavilán Blanco","","White Hawk"
"","","Leucopternis semiplumbeus","Semiplumbeous Hawk","Gavilán Dorsiplomizo","",NA
"","","Buteo plagiatus","Gray Hawk","Gavilán Gris (Gavilán Pollero)","","Gray Hawk"
"","","Buteo nitidus","Gray-lined Hawk","Gavilán Gris Rayado (Gavilán Pollero)","",NA
"","","Buteo platypterus","Broad-winged Hawk","Gavilán Aludo (Gavilán Pollero)","","Broad-winged Hawk"
"","","Buteo brachyurus","Short-tailed Hawk","Gavilán Colicorto","","Short-tailed Hawk"
"","","Buteo swainsoni","Swainson's Hawk","Gavilán de Swainson","","Swainson's Hawk"
"","","Buteo albonotatus","Zone-tailed Hawk","Gavilán Colifajeado","","Zone-tailed Hawk"
"","","Buteo jamaicensis","Red-tailed Hawk","Gavilán Colirrojo (Gavilán Valdivia)","",NA
"Strigiformes","","","","","",NA
"","Tytonidae","","","","",NA
"","","Tyto alba","Barn Owl","Lechuza Ratonera (Lechuza de Campanario, Cara de Gato, Búho)","","Barn Owl"
"","Strigidae","","","","",NA
"","","Megascops clarkii","Bare-shanked Screech-Owl","Lechucita Serranera (Estucurú o Sorococa)","",NA
"","","Megascops choliba","Tropical Screech-Owl","Lechucita Neotropical (Estucurú o Sorococa)","",NA
"","","Megascops guatemalae","Middle American Screech-Owl","Lechucita Vermiculada (Estucurú o Sorococa)","","Middle American Screech-Owl"
"","","Megascops [forma sin describir]","Puntarenas Screech-Owl (forma sin describir)","Lechucita de Puntarenas","",NA
"","","Megascops cooperi","Pacific Screech-Owl","Lechucita Sabanera (Ju de León, Estucurú o Sorococa)","","Pacific Screech-Owl"
"","","Lophostrix cristata","Crested Owl","Búho Penachudo","",NA
"","","Pulsatrix perspicillata","Spectacled Owl","Búho de Anteojos (Oropopo)","","Spectacled Owl"
"","","Bubo virginianus","Great Horned Owl","Búho Grande","",NA
"","","Glaucidium costaricanum","Costa Rican Pygmy-Owl","Mochuelo Montañero","",NA
"","","Glaucidium griseiceps","Central American Pygmy-Owl","Mochuelo Enano","",NA
"","","Glaucidium brasilianum","Ferruginous Pygmy-Owl","Mochuelo Común (Cuatro Ojos, Majafierro)","",NA
"","","Athene cunicularia","Burrowing Owl","Lechuza Llanera","",NA
"","","Strix virgata","Mottled Owl","Lechuza Café (Ju de León)","","Mottled Owl"
"","","Strix nigrolineata","Black-and-white Owl","Lechuza Blanco y Negro","","Black-and-white Owl"
"","","Asio clamator","Striped Owl","Búho Listado","",NA
"","","Asio flammeus","Short-eared Owl","Lechuza Campestre","",NA
"","","Aegolius ridgwayi","Unspotted Saw-whet Owl","Lechucita Parda (Lechucita de Alfaro)","",NA
"Trogoniformes","","","","","",NA
"","Trogonidae","","","","",NA
"","","Pharomachrus mocinno","Resplendent Quetzal","Quetzal (Coludo)","",NA
"","","Trogon clathratus","Lattice-tailed Trogon","Trogón Ojiblanco","",NA
"","","Trogon massena","Slaty-tailed Trogon","Trogón Coliplomizo (Caicota)","","Slaty-tailed Trogon"
"","","Trogon melanocephalus","Black-headed Trogon","Trogón Cabecinegro (Viuda Amarilla)","","Black-headed Trogon"
"","","Trogon bairdii","Baird's Trogon","Trogón Vientribermejo","",NA
"","","Trogon caligatus","Gartered Trogon","Trogón Violáceo","","Gartered Trogon"
"","","Trogon tenellus","Northern Black-throated Trogon","Trogón Cabeciverde","","Northern Black-throated Trogon"
"","","Trogon elegans","Elegant Trogon","Trogón Elegante (Viuda Roja)","",NA
"","","Trogon collaris","Collared Trogon","Trogón Collarejo (Viuda Roja, Quetzal Macho)","","Collared Trogon"
"","","Trogon collaris","Collared Trogon","Trogón Collarejo (Viuda Roja, Quetzal Macho)","","Collared Trogon"
"Coraciiformes","","","","","",NA
"","Momotidae","","","","",NA
"","","Hylomanes momotula","Tody Motmot","Momoto Enano (Pájaro Bobo)","","Tody Motmot"
"","","Momotus lessonii","Lesson’s Motmot","Momoto Coroniazul (Pájaro Bobo, Bobo Azul)","","Lesson’s Motmot"
"","","Baryphthengus martii","Rufous Motmot","Momoto Canelo Mayor (Pájaro Bobo)","","Rufous Motmot"
"","","Electron carinatum","Keel-billed Motmot","Momoto Pico Quilla (Pájaro Bobo)","","Keel-billed Motmot"
"","","Electron platyrhynchum","Broad-billed Motmot","Momoto Piquiancho (Pájaro Bobo)","","Broad-billed Motmot"
"","","Eumomota superciliosa","Turquoise-browed Motmot","Momoto Cejiceleste (Pájaro Bobo)","",NA
"","Alcedinidae","","","","",NA
"","","Megaceryle  torquata","Ringed Kingfisher","Martín Pescador Collarejo","","Ringed Kingfisher"
"","","Megaceryle alcyon","Belted Kingfisher","Martín Pescador Norteño","","Belted Kingfisher"
"","","Chloroceryle amazona","Amazon Kingfisher","Martín Pescador Amazónico","","Amazon Kingfisher"
"","","Chloroceryle aenea","American Pygmy Kingfisher","Martín Pescador Enano","","American Pygmy Kingfisher"
"","","Chloroceryle americana","Green Kingfisher","Martín Pescador Verde","","Green Kingfisher"
"","","Chloroceryle inda","Green-and-rufous Kingfisher","Martín Pescador Vientrirrufo","",NA
"Piciformes","","","","","",NA
"","Bucconidae","","","","",NA
"","","Notharchus hyperrhynchus","White-necked Puffbird","Buco Collarejo","",NA
"","","Notharchus tectus","Pied Puffbird","Buco Pinto","","Pied Puffbird"
"","","Malacoptila panamensis","White-whiskered Puffbird","Buco Barbón","","White-whiskered Puffbird"
"","","Micromonacha lanceolata","Lanceolated Monklet","Monjito Rayado","",NA
"","","Monasa morphoeus","White-fronted Nunbird","Monja Frentiblanca (Julío)","","White-fronted Nunbird"
"","Galbulidae","","","","",NA
"","","Galbula ruficauda","Rufous-tailed Jacamar","Jacamar Rabirrufo (Gorrión de Montaña)","","Rufous-tailed Jacamar"
"","","Jacamerops aureus","Great Jacamar","Jacamar Grande","",NA
"","Capitonidae","","","","",NA
"","","Eubucco bourcierii","Red-headed Barbet","Barbudo Cabecirrojo (Ruano)","",NA
"","Semnornithidae","","","","",NA
"","","Semnornis frantzii","Prong-billed Barbet","Barbudo Cocora (Cocora, Carcareón)","",NA
"","Ramphastidae","","","","",NA
"","","Aulacorhynchus prasinus","Northern Emerald-Toucanet","Tucancillo Verde (Curré, Curré Verde)","","Northern Emerald-Toucanet"
"","","Pteroglossus torquatus","Collared Aracari","Tucancillo Collarejo (Cusingo, Tití, Félix)","","Collared Aracari"
"","","Pteroglossus frantzii","Fiery-billed Aracari","Tucancillo Piquianaranjado (Cusingo, Cachis, Filí)","",NA
"","","Selenidera spectabilis","Yellow-eared Toucanet","Tucancillo Orejiamarillo","","Yellow-eared Toucanet"
"","","Ramphastos ambiguus","Yellow-throated Toucan","Tucán Pico Castaño (Quioro, Dios te dé, Gran Curré Negro)","","Yellow-throated Toucan"
"","","Ramphastos sulfuratus","Keel-billed Toucan","Tucán Pico Iris (Tucán Pico Arcoiris, Curré Negro)","","Keel-billed Toucan"
"","Picidae","","","","",NA
"","","Picumnus olivaceus","Olivaceous Piculet","Carpinterito Oliváceo (Telegrafista)","","Olivaceous Piculet"
"","","Sphyrapicus varius","Yellow-bellied Sapsucker","Carpintero Bebedor","","Yellow-bellied Sapsucker"
"","","Melanerpes formicivorus","Acorn Woodpecker","Carpintero Careto (Payasito)","",NA
"","","Melanerpes chrysauchen","Golden-naped Woodpecker","Capintero Nuquidorado","",NA
"","","Melanerpes pucherani","Black-cheeked Woodpecker","Carpintero Carinegro","","Black-cheeked Woodpecker"
"","","Melanerpes rubricapillus","Red-crowned Woodpecker","Carpintero Nuquirrojo","",NA
"","","Melanerpes hoffmannii","Hoffmann's Woodpecker","Carpintero de Hoffmann","","Hoffmann's Woodpecker"
"","","Dryobates villosus","Hairy Woodpecker","Carpintero Serranero","",NA
"","","Dryobates fumigatus","Smoky-brown Woodpecker","Carpintero Pardo","","Smoky-brown Woodpecker"
"","","Dryobates kirkii","Red-rumped Woodpecker","Carpintero Lomirrojo","",NA
"","","Campephilus guatemalensis","Pale-billed Woodpecker","Carpintero Picoplata (Dos Golpes, Carpintero Chiricano)","","Pale-billed Woodpecker"
"","","Dryocopus lineatus","Lineated Woodpecker","Carpintero Lineado","","Lineated Woodpecker"
"","","Celeus loricatus","Cinnamon Woodpecker","Carpintero Canelo","",NA
"","","Celeus castaneus","Chestnut-colored Woodpecker","Carpintero Castaño","",NA
"","","Piculus simplex","Rufous-winged Woodpecker","Carpintero Alirrufo","","Rufous-winged Woodpecker"
"","","Colaptes rubiginosus","Golden-olive Woodpecker","Carpintero Verde Dorado","","Golden-olive Woodpecker"
"Falconiformes","","","","","",NA
"","Falconidae","","","","",NA
"","","Herpetotheres cachinnans","Laughing Falcon","Guaco","","Laughing Falcon"
"","","Micrastur semitorquatus","Collared Forest-Falcon","Halcón de Monte Collarejo","","Collared Forest-Falcon"
"","","Micrastur mirandollei","Slaty-backed Forest-Falcon","Halcón de Monte Dorsigrís","",NA
"","","Micrastur ruficollis","Barred Forest-Falcon","Halcón de Monte Barreteado","","Barred Forest-Falcon"
"","","Caracara plancus","Crested Caracara","Caracara Cargahuesos (Cargahuesos, Querque, Quebrantahuesos)","","Crested Caracara"
"","","Ibycter americanus","Red-throated Caracara","Caracara Avispera (Cacao, Come Cacao, Deslenguado)","",NA
"","","Milvago chimachima","Yellow-headed Caracara","Caracara Cabecigualdo","","Yellow-headed Caracara"
"","","Falco sparverius","American Kestrel","Cernícalo Americano (Klis-Klis, Camaleón)","","American Kestrel"
"","","Falco columbarius","Merlin","Esmerejón","",NA
"","","Falco femoralis","Aplomado Falcon","Halcón Aplomado","",NA
"","","Falco rufigularis","Bat Falcon","Halcón Cuelliblanco","","Bat Falcon"
"","","Falco deiroleucus","Orange-breasted Falcon","Halcón Pechirrufo","",NA
"","","Falco peregrinus","Peregrine Falcon","Halcón Peregrino","","Peregrine Falcon"
"Psittaciformes","","","","","",NA
"","Psittacidae","","","","",NA
"","","Touit costaricensis","Red-fronted Parrotlet","Periquito Alirrojo","",NA
"","","Bolborhynchus lineola","Barred Parakeet","Perico Listado","",NA
"","","Brotogeris jugularis","Orange-chinned Parakeet","Periquito Barbinaranja (Perico, Zapoyolito, Chimbolito, Catano)","","Orange-chinned Parakeet"
"","","Pyrilia haematotis","Brown-hooded Parrot","Loro Cabecipardo (Lora)","","Brown-hooded Parrot"
"","","Pionus menstruus","Blue-headed Parrot","Loro Cabeciazul (Chucuyo)","",NA
"","","Pionus senilis","White-crowned Parrot","Loro Coroniblanco (Cotorra, Chucuyo)","","White-crowned Parrot"
"","","Amazona autumnalis","Red-lored Parrot","Loro Frentirrojo (Lora Jupa Roja)","","Red-lored Parrot"
"","","Amazona auropalliata","Yellow-naped Parrot","Lora de Nuca Amarilla (Lora Jupa Amarilla)","","Yellow-naped Parrot"
"","","Amazona ochrocephala","Yellow-crowned Parrot","Lora Coroniamarilla","",NA
"","","Amazona albifrons","White-fronted Parrot","Loro Frentiblanco (Cancan, Lora)","","White-fronted Parrot"
"","","Amazona farinosa","Mealy Parrot","Loro Verde (Lora Cabeza Negra, Lora Jupa Gris)","","Mealy Parrot"
"","","Pyrrhura hoffmanni","Sulphur-winged Parakeet","Perico Aliazufrado","",NA
"","","Eupsittula nana","Olive-throated Parakeet","Perico Azteco","","Olive-throated Parakeet"
"","","Eupsittula canicularis","Orange-fronted Parakeet","Perico Frentinaranja (Catano, Periquito, Zapoyol)","","Orange-fronted Parakeet"
"","","Eupsittula pertinax","Brown-throated Parakeet","Perico Gorgicafé","",NA
"","","Ara ambiguus","Great Green Macaw","Guacamayo Verde Mayor (Lapa Verde)","",NA
"","","Ara macao","Scarlet Macaw","Guacamayo Rojo (Lapa Roja, Lapa Colorada)","",NA
"","","Psittacara finschi","Crimson-fronted Parakeet","Perico Frentirrojo (Cotorra, Chucuyo, Perico Colilarga o de Palmera)","","Crimson-fronted Parakeet"
"Passeriformes","","","","","",NA
"","Thamnophilidae","","","","",NA
"","","Euchrepomis callinota","Rufous-rumped Antwren","Hormiguerito Lomirrufo","",NA
"","","Cymbilaimus lineatus","Fasciated Antshrike","Batará Lineado","","Fasciated Antshrike"
"","","Taraba major","Great Antshrike","Batará Grande","",NA
"","","Thamnophilus doliatus","Barred Antshrike","Batará Barreteado","","Barred Antshrike"
"","","Thamnophilus atrinucha","Black-crowned Antshrike","Batará Plomizo","","Black-crowned Antshrike"
"","","Thamnophilus bridgesi","Black-hooded Antshrike","Batará Negruzco","",NA
"","","Thamnistes anabatinus","Russet Antshrike","Batará Café","",NA
"","","Dysithamnus mentalis","Plain Antvireo","Batarito Cabecigrís","","Plain Antvireo"
"","","Dysithamnus striaticeps","Streak-crowned Antvireo","Batarito Pechirrayado","","Streak-crowned Antvireo"
"","","Dysithamnus puncticeps","Spot-crowned Antvireo","Batarito Cabecipunteado","",NA
"","","Epinecrophylla fulviventris","Checker-throated Stipplethroat","Hormiguerito Café","","Checker-throated Stipplethroat"
"","","Myrmotherula axillaris","White-flanked Antwren","Hormiguerito Flanquiblanco","","White-flanked Antwren"
"","","Myrmotherula schisticolor","Slaty Antwren","Hormiguerito Pizarroso","","Slaty Antwren"
"","","Microrhopias quixensis","Dot-winged Antwren","Hormiguerito Alipunteado","","Dot-winged Antwren"
"","","Cercomacroides tyrannina","Dusky Antbird","Hormiguero Negruzco","","Dusky Antbird"
"","","Gymnocichla nudiceps","Bare-crowned Antbird","Hormiguero Calvo","","Bare-crowned Antbird"
"","","Poliocrania exsul","Chestnut-backed Antbird","Hormiguero Dorsicastaño","","Chestnut-backed Antbird"
"","","Sipia laemosticta","Dull-mantled Antbird","Hormiguero Alimaculado","","Dull-mantled Antbird"
"","","Hafferia zeledoni","Zeledon's Antbird","Hormiguero de Zeledón","","Zeledon's Antbird"
"","","Gymnopithys bicolor","Bicolored Antbird","Hormiguero Bicolor","","Bicolored Antbird"
"","","Hylophylax naevioides","Spotted Antbird","Hormiguero Moteado","","Spotted Antbird"
"","","Phaenostictus mcleannani","Ocellated Antbird","Hormiguero Ocelado","","Ocellated Antbird"
"","Conopophagidae","","","","",NA
"","","Pittasoma michleri","Black-crowned Antpitta","Tororoi Pechiescamoso (Hormiguero)","",NA
"","Grallariidae","","","","",NA
"","","Grallaria guatimalensis","Scaled Antpitta","Tororoi Dorsiescamado (Hormiguero)","","Scaled Antpitta"
"","","Hylopezus perspicillatus","Streak-chested Antpitta","Tororoi Pechilistado (Hormiguero)","",NA
"","","Myrmothera dives","Thicket Antpitta","Tororoi Pechicanelo (Hormiguero)","","Thicket Antpitta"
"","","Grallaricula flavirostris","Ochre-breasted Antpitta","Tororoi Piquigualdo (Hormiguero)","",NA
"","Rhinocryptidae","","","","",NA
"","","Scytalopus argentifrons","Silvery-fronted Tapaculo","Tapaculo Frentiplateado","",NA
"","Formicariidae","","","","",NA
"","","Formicarius analis","Black-faced Antthrush","Gallito Hormiguero Carinegro","","Black-faced Antthrush"
"","","Formicarius nigricapillus","Black-headed Antthrush","Gallito Hormiguero Cabecinegro","","Black-headed Antthrush"
"","","Formicarius rufipectus","Rufous-breasted Antthrush","Gallito Hormiguero Pechicastaño","",NA
"","Furnariidae","","","","",NA
"","","Sclerurus mexicanus","Middle American Leaftosser","Tirahojas Pechirrufo","",NA
"","","Sclerurus guatemalensis","Scaly-throated Leaftosser","Tirahojas Barbiescamado","",NA
"","","Sclerurus albigularis","Gray-throated Leaftosser","Tirahojas Gargantigrís","","Gray-throated Leaftosser"
"","","Sittasomus griseicapillus","Olivaceous Woodcreeper","Trepadorcito Aceitunado","","Olivaceous Woodcreeper"
"","","Deconychura longicauda","Long-tailed Woodcreeper","Trepador Delgado","","Long-tailed Woodcreeper"
"","","Dendrocincla homochroa","Ruddy Woodcreeper","Trepador Rojizo","","Ruddy Woodcreeper"
"","","Dendrocincla anabatina","Tawny-winged Woodcreeper","Trepador Alirrubio","",NA
"","","Dendrocincla fuliginosa","Plain-brown Woodcreeper","Trepador Pardo","","Plain-brown Woodcreeper"
"","","Glyphorynchus spirurus","Wedge-billed Woodcreeper","Trepadorcito Pico de Cuña","","Wedge-billed Woodcreeper"
"","","Dendrocolaptes sanctithomae","Northern Barred-Woodcreeper","Trepador Barreteado","","Northern Barred-Woodcreeper"
"","","Dendrocolaptes picumnus","Black-banded Woodcreeper","Trepador Vientribarreteado","",NA
"","","Xiphocolaptes promeropirhynchus","Strong-billed Woodcreeper","Trepador Gigante","",NA
"","","Xiphorhynchus susurrans","Cocoa Woodcreeper","Trepador Gorgianteado","","Cocoa Woodcreeper"
"","","Xiphorhynchus flavigaster","Ivory-billed Woodcreeper","Trepador Piquiclaro","","Ivory-billed Woodcreeper"
"","","Xiphorhynchus lachrymosus","Black-striped Woodcreeper","Trepador Pinto (Relinchero)","","Black-striped Woodcreeper"
"","","Xiphorhynchus erythropygius","Spotted Woodcreeper","Trepador Manchado","","Spotted Woodcreeper"
"","","Campylorhamphus pusillus","Brown-billed Scythebill","Trepador Pico de Hoz","",NA
"","","Lepidocolaptes souleyetii","Streak-headed Woodcreeper","Trepador Cabecirrayado","","Streak-headed Woodcreeper"
"","","Lepidocolaptes affinis","Spot-crowned Woodcreeper","Trepador Cabecipunteado","",NA
"","","Xenops minutus","Plain Xenops","Xenops Común","","Plain Xenops"
"","","Xenops rutilans","Streaked Xenops","Xenops Rayado","",NA
"","","Pseudocolaptes lawrencii","Buffy Tuftedcheek","Trepamusgo Cachetón","",NA
"","","Anabacerthia variegaticeps","Scaly-throated Foliage-gleaner","Trepamusgo de Anteojos","",NA
"","","Syndactyla subalaris","Lineated Foliage-gleaner","Trepamusgo Lineado","",NA
"","","Dendroma rufa","Buff-fronted Foliage-gleaner","Trepamusgo Rojizo","",NA
"","","Clibanornis rubiginosus","Ruddy Foliage-gleaner","Hojarrasquero Rojizo","",NA
"","","Thripadectes rufobrunneus","Streak-breasted Treehunter","Trepamusgo Cuellirojizo","",NA
"","","Automolus cervinigularis","Fawn-throated Foliage-gleaner","Hojarrasquero Gorgianteado","",NA
"","","Automolus exsertus","Chiriqui Foliage-gleaner","Hojarrasquero de Chiriquí","",NA
"","","Automolus virgatus","Western Woodhaunter","Trepamusgo Rayado","",NA
"","","Premnoplex brunnescens","Spotted Barbtail","Subepalo Moteado","","Spotted Barbtail"
"","","Margarornis rubiginosus","Ruddy Treerunner","Subepalo Rojizo (Chupamusgo)","",NA
"","","Cranioleuca erythrops","Red-faced Spinetail","Colaespina Carirroja","",NA
"","","Synallaxis brachyura","Slaty Spinetail","Arquitecto Plomizo","","Slaty Spinetail"
"","","Synallaxis albescens","Pale-breasted Spinetail","Arquitecto Güitío","",NA
"","Pipridae","","","","",NA
"","","Chiroxiphia lanceolata","Lance-tailed Manakin","Saltarín Coludo (Toledo)","",NA
"","","Chiroxiphia linearis","Long-tailed Manakin","Saltarín Toledo (Toledo)","","Long-tailed Manakin"
"","","Corapipo altera","White-ruffed Manakin","Saltarín Gorgiblanco","","White-ruffed Manakin"
"","","Lepidothrix velutina","Velvety Manakin","Saltarín Coroniceleste","",NA
"","","Manacus candei","White-collared Manakin","Saltarín Cuelliblanco (Quiebrapalos, Quiebraramas, Bailarín)","","White-collared Manakin"
"","","Manacus aurantiacus","Orange-collared Manakin","Saltarín Cuellinaranja (Quiebrapalos, Hombrecillo)","",NA
"","","Pseudopipra pipra","White-crowned Manakin","Saltarín Coroniblanco","",NA
"","","Ceratopipra mentalis","Red-capped Manakin","Saltarín Cabecirrojo","","Red-capped Manakin"
"","Cotingidae","","","","",NA
"","","Querula purpurata","Purple-throated Fruitcrow","Querula Gorgimorada","",NA
"","","Cephalopterus glabricollis","Bare-necked Umbrellabird","Pájaro-sombrilla Cuellinudo (Pájaro Danta)","","Bare-necked Umbrellabird"
"","","Cotinga amabilis","Lovely Cotinga","Cotinga Linda","",NA
"","","Cotinga ridgwayi","Turquoise Cotinga","Cotinga Turquesa","",NA
"","","Lipaugus unirufus","Rufous Piha","Piha Rojiza","","Rufous Piha"
"","","Procnias tricarunculatus","Three-wattled Bellbird","Campanero Tricarunculado (Pájaro Campana, Rin-Ran, Calandria)","","Three-wattled Bellbird"
"","","Carpodectes antoniae","Yellow-billed Cotinga","Cotinga Piquiamarillo","",NA
"","","Carpodectes nitidus","Snowy Cotinga","Cotinga Blanca","","Snowy Cotinga"
"","Tityridae","","","","",NA
"","","Tityra inquisitor","Black-crowned Tityra","Tityra Coroninegra (Pájaro Chancho)","","Black-crowned Tityra"
"","","Tityra semifasciata","Masked Tityra","Tityra Carirroja (Pájaro Chancho, Calandria)","","Masked Tityra"
"","","Schiffornis veraepacis","Northern Schiffornis","Tordo-saltarín","","Northern Schiffornis"
"","","Schiffornis veraepacis","Northern Schiffornis","Tordo-saltarín","","Northern Schiffornis"
"","","Laniocera rufescens","Speckled Mourner","Plañidera Moteada","",NA
"","","Pachyramphus versicolor","Barred Becard","Cabezón Ondeado","",NA
"","","Pachyramphus cinnamomeus","Cinnamon Becard","Cabezón Canelo","","Cinnamon Becard"
"","","Pachyramphus polychopterus","White-winged Becard","Cabezón Aliblanco","","White-winged Becard"
"","","Pachyramphus albogriseus","Black-and-white Becard","Cabezón Cejiblanco","",NA
"","","Pachyramphus aglaiae","Rose-throated Becard","Cabezón Plomizo","",NA
"","Oxyruncidae","","","","",NA
"","","Oxyruncus cristatus","Sharpbill","Picoagudo","",NA
"","","Onychorhynchus coronatus","Tropical Royal Flycatcher","Mosquero Real","","Tropical Royal Flycatcher"
"","","Terenotriccus erythrurus","Ruddy-tailed Flycatcher","Mosquerito Colirrufo","","Ruddy-tailed Flycatcher"
"","","Myiobius sulphureipygius","Sulphur-rumped Flycatcher","Mosquerito Lomiamarillo","","Sulphur-rumped Flycatcher"
"","","Myiobius atricaudus","Black-tailed Flycatcher","Mosquerito Colinegro","",NA
"","Tyrannidae","","","","",NA
"","","Piprites griseiceps","Gray-headed Piprites","Saltarín Cabecigrís","","Gray-headed Piprites"
"","","Platyrinchus cancrominus","Stub-tailed Spadebill","Piquichato Norteño","","Stub-tailed Spadebill"
"","","Platyrinchus mystaceus","White-throated Spadebill","Piquichato Gargantiblanco","","White-throated Spadebill"
"","","Platyrinchus coronatus","Golden-crowned Spadebill","Piquichato Coronirrufo","","Golden-crowned Spadebill"
"","","Mionectes olivaceus","Olive-streaked Flycatcher","Mosquerito Ojimanchado (Tontillo)","","Olive-streaked Flycatcher"
"","","Mionectes oleagineus","Ochre-bellied Flycatcher","Mosquerito Aceitunado (Tontillo)","","Ochre-bellied Flycatcher"
"","","Leptopogon amaurocephalus","Sepia-capped Flycatcher","Mosquerito Cabecipardo","","Sepia-capped Flycatcher"
"","","Leptopogon superciliaris","Slaty-capped Flycatcher","Mosquerito Orejinegro","",NA
"","","Phylloscartes superciliaris","Rufous-browed Tyrannulet","Mosquerito Cejirrufo","",NA
"","","Myiornis atricapillus","Black-capped Pygmy-Tyrant","Mosquerito Colicorto","","Black-capped Pygmy-Tyrant"
"","","Lophotriccus pileatus","Scale-crested Pygmy-Tyrant","Mosquerito de Yelmo","","Scale-crested Pygmy-Tyrant"
"","","Oncostoma cinereigulare","Northern Bentbill","Piquitorcido Norteño (Brujita)","","Northern Bentbill"
"","","Poecilotriccus sylvia","Slate-headed Tody-Flycatcher","Espatulilla Cabecigrís","","Slate-headed Tody-Flycatcher"
"","","Todirostrum cinereum","Common Tody-Flycatcher","Espatulilla Común (Espatulilla, Mantequillilla)","","Common Tody-Flycatcher"
"","","Todirostrum nigriceps","Black-headed Tody-Flycatcher","Espatulilla Cabecinegra","","Black-headed Tody-Flycatcher"
"","","Rhynchocyclus brevirostris","Eye-ringed Flatbill","Piquiplano de Anteojos","","Eye-ringed Flatbill"
"","","Tolmomyias sulphurescens","Yellow-olive Flatbill","Piquiplano Azufrado","","Yellow-olive Flatbill"
"","","Tolmomyias flavotectus","Yellow-winged Flatbill","Piquiplano Aliamarillo","","Yellow-winged Flatbill"
"","","Ornithion semiflavum","Yellow-bellied Tyrannulet","Mosquerito Cejiblanco","",NA
"","","Ornithion brunneicapillus","Brown-capped Tyrannulet","Mosquerito Gorricafé","","Brown-capped Tyrannulet"
"","","Camptostoma imberbe","Northern Beardless-Tyrannulet","Mosquerito Chillón","","Northern Beardless-Tyrannulet"
"","","Camptostoma obsoletum","Southern Beardless-Tyrannulet","Mosquerito Silbador","",NA
"","","Nesotriccus incomtus","Northern Mouse-colored Tyrannulet","Mosquerito Cafecito","",NA
"","","Nesotriccus ridgwayi","Cocos Flycatcher","Mosquerito de la Isla del Coco","",NA
"","","Capsiempis flaveola","Yellow Tyrannulet","Mosquerito Amarillo","","Yellow Tyrannulet"
"","","Tyrannulus elatus","Yellow-crowned Tyrannulet","Mosquerito Coroniamarillo","",NA
"","","Myiopagis viridicata","Greenish Elaenia","Elainia Verdosa (Tontillo)","",NA
"","","Elaenia flavogaster","Yellow-bellied Elaenia","Elainia Copetona (Tontillo, Bobillo, Copetoncillo)","","Yellow-bellied Elaenia"
"","","Elaenia chiriquensis","Lesser Elaenia","Elainia Sabanera (Tontillo)","","Lesser Elaenia"
"","","Elaenia frantzii","Mountain Elaenia","Elainia Montañera (Tontillo, Bobillo)","","Mountain Elaenia"
"","","Serpophaga cinerea","Torrent Tyrannulet","Mosquerito Guardarrios","",NA
"","","Phyllomyias zeledoni","White-fronted Tyrannulet","Mosquerito Frentiblanco","",NA
"","","Zimmerius parvus","Mistletoe Tyrannulet","Mosquerito Cejigrís","","Mistletoe Tyrannulet"
"","","Myiophobus fasciatus","Bran-colored Flycatcher","Mosquerito Pechirrayado","",NA
"","","Aphanotriccus capitalis","Tawny-chested Flycatcher","Mosquerito Pechileonado","",NA
"","","Mitrephanes phaeocercus","Tufted Flycatcher","Mosquerito Moñudo","",NA
"","","Contopus cooperi","Olive-sided Flycatcher","Pibí Boreal (Tontillo)","","Olive-sided Flycatcher"
"","","Contopus ochraceus","Ochraceous Pewee","Pibí Ocráceo (Tontillo)","",NA
"","","Contopus lugubris","Dark Pewee","Pibí Sombrío (Tontillo)","",NA
"","","Contopus sordidulus","Western Wood-Pewee","Pibí Occidental (Tontillo, Piguí)","","Western Wood-Pewee"
"","","Contopus bogotensis","Northern Tropical Pewee","Pibí Tropical (Tontillo, Piguí)","","Northern Tropical Pewee"
"","","Contopus virens","Eastern Wood-Pewee","Pibí Oriental (Tontillo, Piguí)","","Eastern Wood-Pewee"
"","","Empidonax flaviventris","Yellow-bellied Flycatcher","Mosquerito Vientriamarillo","","Yellow-bellied Flycatcher"
"","","Empidonax virescens","Acadian Flycatcher","Mosquerito Verdoso","",NA
"","","Empidonax alnorum","Alder Flycatcher","Mosquerito de Charral","",NA
"","","Empidonax traillii","Willow Flycatcher","Mosquerito de Traill","","Willow Flycatcher"
"","","Empidonax albigularis","White-throated Flycatcher","Mosquerito Gargantiblanco","",NA
"","","Empidonax minimus","Least Flycatcher","Mosquerito Chebec","","Least Flycatcher"
"","","Empidonax flavescens","Yellowish Flycatcher","Mosquerito Amarillento","","Yellowish Flycatcher"
"","","Empidonax atriceps","Black-capped Flycatcher","Mosquerito Cabecinegro","",NA
"","","Sayornis nigricans","Black Phoebe","Mosquero de Agua","","Black Phoebe"
"","","Sayornis phoebe","Eastern Phoebe","Mosquero Fibí","",NA
"","","Sublegatus arenarum","Northern Scrub-Flycatcher","Mosquero Gorgigrís","",NA
"","","Pyrocephalus rubinus","Vermilion Flycatcher","Mosquerito Rojo","",NA
"","","Colonia colonus","Long-tailed Tyrant","Mosquero Coludo","","Long-tailed Tyrant"
"","","Attila spadiceus","Bright-rumped Attila","Atila Lomiamarilla","","Bright-rumped Attila"
"","","Rhytipterna holerythra","Rufous Mourner","Plañidera Rojiza","","Rufous Mourner"
"","","Myiarchus tuberculifer","Dusky-capped Flycatcher","Copetón Crestioscuro (Tontillo)","","Dusky-capped Flycatcher"
"","","Myiarchus panamensis","Panama Flycatcher","Copetón Colipardo (Tontillo)","",NA
"","","Myiarchus cinerascens","Ash-throated Flycatcher","Copetón Garganticeniza (Tontillo)","",NA
"","","Myiarchus nuttingi","Nutting's Flycatcher","Copetón de Nutting (Tontillo)","","Nutting's Flycatcher"
"","","Myiarchus crinitus","Great Crested Flycatcher","Copetón Viajero (Tontillo)","","Great Crested Flycatcher"
"","","Myiarchus tyrannulus","Brown-crested Flycatcher","Copetón Crestipardo (Tontillo)","","Brown-crested Flycatcher"
"","","Philohydor lictor","Lesser Kisdadee","Bienteveo Menor","",NA
"","","Pitangus sulphuratus","Great Kiskadee","Bienteveo Grande (Cristo Fue, Pecho Amarillo)","","Great Kiskadee"
"","","Megarynchus pitangua","Boat-billed Flycatcher","Mosquerón Picudo (Pecho Amarillo)","","Boat-billed Flycatcher"
"","","Myiozetetes cayanensis","Rusty-margined Flycatcher","Mosquero Alicastaño (Pecho Amarillo)","",NA
"","","Myiozetetes similis","Social Flycatcher","Mosquero Cejiblanco (Pecho Amarillo)","","Social Flycatcher"
"","","Myiozetetes granadensis","Gray-capped Flycatcher","Mosquero Cabecigrís (Pecho Amarillo)","","Gray-capped Flycatcher"
"","","Conopias albovittatus","White-ringed Flycatcher","Mosquero Cabecianillado (Pecho Amarillo)","","White-ringed Flycatcher"
"","","Myiodynastes hemichrysus","Golden-bellied Flycatcher","Mosquero Vientridorado (Pecho Amarillo)","",NA
"","","Myiodynastes maculatus","Streaked Flycatcher","Mosquero Listado (Pecho Amarillo)","","Streaked Flycatcher"
"","","Myiodynastes luteiventris","Sulphur-bellied Flycatcher","Mosquero Vientriazufrado (Pecho Amarillo)","","Sulphur-bellied Flycatcher"
"","","Legatus leucophaius","Piratic Flycatcher","Mosquero Pirata (Pecho Amarillo)","",NA
"","","Tyrannus melancholicus","Tropical Kingbird","Tirano Tropical (Pecho Amarillo)","","Tropical Kingbird"
"","","Tyrannus verticalis","Western Kingbird","Tirano Occidental (Pecho Amarillo)","","Western Kingbird"
"","","Tyrannus tyrannus","Eastern Kingbird","Tirano Norteño (Viuda Negra)","",NA
"","","Tyrannus dominicensis","Gray Kingbird","Tirano Gris","",NA
"","","Tyrannus forficatus","Scissor-tailed Flycatcher","Tijereta Rosada (Tijerilla)","","Scissor-tailed Flycatcher"
"","","Tyrannus savana","Fork-tailed Flycatcher","Tijereta Sabanera (Tijerilla)","",NA
"","Vireonidae","","","","",NA
"","","Cyclarhis gujanensis","Rufous-browed Peppershrike","Vireón Cejirrufo","","Rufous-browed Peppershrike"
"","","Hylophilus flavipes","Scrub Greenlet","Verdillo Matorralero","",NA
"","","Vireolanius pulchellus","Green Shrike-Vireo","Vireón Esmeraldino","","Green Shrike-Vireo"
"","","Tunchiornis ochraceiceps","Tawny-crowned Greenlet","Verdillo Leonado","","Tawny-crowned Greenlet"
"","","Pachysylvia decurtata","Lesser Greenlet","Verdillo Menudo","","Lesser Greenlet"
"","","Vireo griseus","White-eyed Vireo","Vireo Ojiblanco","",NA
"","","Vireo pallens","Mangrove Vireo","Vireo de Manglar","",NA
"","","Vireo flavifrons","Yellow-throated Vireo","Vireo Pechiamarillo","","Yellow-throated Vireo"
"","","Vireo carmioli","Yellow-winged Vireo","Vireo Aliamarillo","",NA
"","","Vireo solitarius","Blue-headed Vireo","Vireo Solitario","","Blue-headed Vireo"
"","","Vireo philadelphicus","Philadelphia Vireo","Vireo Amarillento","","Philadelphia Vireo"
"","","Vireo gilvus","Warbling Vireo","Vireo Canoro","",NA
"","","Vireo leucophrys","Brown-capped Vireo","Vireo Montañero","",NA
"","","Vireo olivaceus","Red-eyed Vireo","Vireo Ojirrojo (Chiguisa)","","Red-eyed Vireo"
"","","Vireo flavoviridis","Yellow-green Vireo","Vireo Cabecigrís (Chiguisa, Chuesa, Cazadora, Fraile)","","Yellow-green Vireo"
"","","Vireo altiloquus","Black-whiskered Vireo","Vireo Bigotudo","",NA
"","Corvidae","","","","",NA
"","","Cyanolyca argentigula","Silvery-throated Jay","Urraca Gorgiplateada","",NA
"","","Cyanolyca cucullata","Azure-hooded Jay","Urraca de Toca Celeste (Piapia de Montaña)","","Azure-hooded Jay"
"","","Calocitta formosa","White-throated Magpie-Jay","Urraca Copetona (Urraca, Piapia Azul)","","White-throated Magpie-Jay"
"","","Psilorhinus morio","Brown Jay","Urraca Parda (Piapia)","","Brown Jay"
"","","Cyanocorax affinis","Black-chested Jay","Urraca Pechinegra","",NA
"","Hirundinidae","","","","",NA
"","","Riparia riparia","Bank Swallow","Golondrina Ribereña","","Bank Swallow"
"","","Tachycineta bicolor","Tree Swallow","Golondrina Bicolor","",NA
"","","Tachycineta albilinea","Mangrove Swallow","Golondrina Lomiblanca","","Mangrove Swallow"
"","","Tachycineta thalassina","Violet-green Swallow","Golondrina Verdiviolácea","",NA
"","","Progne subis","Purple Martin","Martín Purpúrea (Golondrón)","",NA
"","","Progne chalybea","Gray-breasted Martin","Martín Pechigrís","","Gray-breasted Martin"
"","","Progne elegans","Southern Martin","Martín Sureño","",NA
"","","Progne tapera","Brown-chested Martin","Martín de Ríos (Golondrina)","",NA
"","","Stelgidopteryx serripennis","Northern Rough-winged Swallow","Golondrina Alirrasposa Norteña","","Northern Rough-winged Swallow"
"","","Stelgidopteryx ruficollis","Southern Rough-winged Swallow","Golondrina Alirrasposa Sureña","","Southern Rough-winged Swallow"
"","","Pygochelidon cyanoleuca","Blue-and-white Swallow","Golondrina Azul y Blanco","","Blue-and-white Swallow"
"","","Hirundo rustica","Barn Swallow","Golondrina Tijereta","","Barn Swallow"
"","","Petrochelidon pyrrhonota","Cliff Swallow","Golondrina Risquera","",NA
"","","Petrochelidon fulva","Cave Swallow","Golondrina Cavernícola","",NA
"","Polioptilidae","","","","",NA
"","","Microbates cinereiventris","Tawny-faced Gnatwren","Soterillo Caricafé","","Tawny-faced Gnatwren"
"","","Ramphocaenus melanurus","Long-billed Gnatwren","Soterillo Picudo","","Long-billed Gnatwren"
"","","Polioptila bilineata","White-browed Gnatcatcher","Perlita Frentiblanca (Espatulilla, Cazadora)","","White-browed Gnatcatcher"
"","","Polioptila albiloris","White-lored Gnatcatcher","Perlita Cabecinegra (Espatulilla, Cazadora)","","White-lored Gnatcatcher"
"","Troglodytidae","","","","",NA
"","","Salpinctes obsoletus","Rock Wren","Soterrey Roquero","",NA
"","","Microcerculus philomela","Nightingale Wren","Soterrey Ruiseñor","","Nightingale Wren"
"","","Microcerculus marginatus","Scaly-breasted Wren","Soterrey Silbador","",NA
"","","Troglodytes aedon","House Wren","Soterrey Cucarachero (Soterrey, Soterré)","","House Wren"
"","","Troglodytes ochraceus","Ochraceous Wren","Soterrey Ocroso","",NA
"","","Thryorchilus browni","Timberline Wren","Soterrey del Bambú","",NA
"","","Cistothorus platensis","Grass Wren","Soterrey Sabanero (Guachipelín)","",NA
"","","Campylorhynchus zonatus","Band-backed Wren","Soterrey Matraquero","","Band-backed Wren"
"","","Campylorhynchus rufinucha","Rufous-naped Wren","Soterrey Nuquirrufo (Chico Piojo, Botijón, Salta Piñuela)","","Rufous-naped Wren"
"","","Pheugopedius fasciatoventris","Black-bellied Wren","Soterrey Vientrinegro","",NA
"","","Pheugopedius rutilus","Rufous-breasted Wren","Soterrey Carimoteado","",NA
"","","Pheugopedius maculipectus","Spot-breasted Wren","Soterrey Pechimoteado","","Spot-breasted Wren"
"","","Pheugopedius atrogularis","Black-throated Wren","Soterrey Gorginegro","","Black-throated Wren"
"","","Thryophilus pleurostictus","Banded Wren","Soterrey de Costillas Barreteadas","","Banded Wren"
"","","Thryophilus rufalbus","Rufous-and-white Wren","Soterrey Rufo y Blanco","",NA
"","","Cantorchilus thoracicus","Stripe-breasted Wren","Soterrey Pechirrayado","","Stripe-breasted Wren"
"","","Cantorchilus modestus","Cabanis’s Wren","Soterrey Chinchirigüí (Huevos Blancos)","","Cabanis’s Wren"
"","","Cantorchilus zeledoni","Canebrake Wren","Soterrey de Zeledón","",NA
"","","Cantorchilus elutus","Isthmian Wren","Soterrey de Panamá","",NA
"","","Cantorchilus semibadius","Riverside Wren","Soterrey Pechibarreteado","",NA
"","","Cantorchilus nigricapillus","Bay Wren","Soterrey Castaño","","Bay Wren"
"","","Henicorhina leucosticta","White-breasted Wood-Wren","Soterrey de Selva Pechiblanco","","White-breasted Wood-Wren"
"","","Henicorhina leucophrys","Gray-breasted Wood-Wren","Soterrey de Selva Pechigrís","","Gray-breasted Wood-Wren"
"","","Cyphorhinus phaeocephalus","Song Wren","Soterrey Canoro","","Song Wren"
"","Cinclidae","","","","",NA
"","","Cinclus mexicanus","American Dipper","Mirlo Acuático Plomizo","",NA
"","Mimidae","","","","",NA
"","","Dumetella carolinensis","Gray Catbird","Pájaro-gato Gris","","Gray Catbird"
"","","Mimus gilvus","Tropical Mockingbird","Pájaro-imitador Tropical","","Tropical Mockingbird"
"","Turdidae","","","","",NA
"","","Myadestes melanops","Black-faced Solitaire","Solitario Carinegro (Jilguero)","","Black-faced Solitaire"
"","","Catharus gracilirostris","Black-billed Nightingale-Thrush","Zorzal Piquinegro (Cuitiento)","",NA
"","","Catharus aurantiirostris","Orange-billed Nightingale-Thrush","Zorzal Piquianaranjado (Jilguerillo de Charral, Inglesito)","",NA
"","","Catharus fuscater","Slaty-backed Nightingale-Thrush","Zorzal Sombrío (Arremedón, Arremendado, Jilguerillo)","",NA
"","","Catharus frantzii","Ruddy-capped Nightingale-Thrush","Zorzal Gorrirojizo (Jilguerillo de Montaña, Jilguerillo de Ronda)","",NA
"","","Catharus mexicanus","Black-headed Nightingale-Thrush","Zorzal Cabecinegro","","Black-headed Nightingale-Thrush"
"","","Catharus fuscescens","Veery","Zorzal Dorsirrojizo (Conchita)","",NA
"","","Catharus minimus","Gray-cheeked Thrush","Zorzal Carigrís (Conchita)","",NA
"","","Catharus ustulatus","Swainson's Thrush","Zorzal de Swainson (Conchita)","","Swainson's Thrush"
"","","Hylocichla mustelina","Wood Thrush","Zorzal del Bosque","","Wood Thrush"
"","","Turdus plebejus","Mountain Thrush","Mirlo Montañero (Yigüirro de Montaña)","","Mountain Thrush"
"","","Turdus obsoletus","Pale-vented Thrush","Mirlo Vientriblanco (Yigüirro de Montaña)","",NA
"","","Turdus assimilis","White-throated Thrush","Mirlo Gorgiblanco (Yigüirro Collarejo, Yigüirro de Montaña)","","White-throated Thrush"
"","","Turdus grayi","Clay-colored Thrush","Mirlo Pardo (Yigüirro)","","Clay-colored Thrush"
"","","Turdus nigrescens","Sooty Thrush","Mirlo Negruzco (Yigüirro Escarchero, Escarchado)","",NA
"","Bombycillidae","","","","",NA
"","","Bombycilla cedrorum","Cedar Waxwing","Ampelis Americano (Jilguero Chino)","",NA
"","Ptiliogonatidae","","","","",NA
"","","Phainoptila melanoxantha","Black-and-yellow Silky-flycatcher","Capulinero Negro y Amarillo (Comemoras)","","Black-and-yellow Silky-flycatcher"
"","","Ptiliogonys caudatus","Long-tailed Silky-flycatcher","Capulinero Colilargo (Pitorreal, Timbre, Coronel)","",NA
"","Estrildidae","","","","",NA
"","","Lonchura malacca","Tricolored Munia","Monjita Tricolor","","Tricolored Munia"
"","Passeridae","","","","",NA
"","","Passer domesticus","House Sparrow","Gorrión Común (Electricista)","",NA
"","Motacillidae","","","","",NA
"","","Anthus rubescens","American Pipit","Bisbita Americana","",NA
"","Fringillidae","","","","",NA
"","","Chlorophonia elegantissima","Elegant Euphonia","Clorofonia Capuchiceleste (Agüío, Monjita, Caciquita)","","Elegant Euphonia"
"","","Chlorophonia callophrys","Golden-browed Chlorophonia","Clorofonia Cejidorada (Rualdo, Rey de Rualdo)","",NA
"","","Euphonia affinis","Scrub Euphonia","Eufonia Gargantinegra (Finito, Agüío, Monjita Fina)","","Scrub Euphonia"
"","","Euphonia luteicapilla","Yellow-crowned Euphonia","Eufonia Coroniamarilla (Monjita, Agüío)","","Yellow-crowned Euphonia"
"","","Euphonia minuta","White-vented Euphonia","Eufonia Menuda (Finito Canario, Canarito, Canaria, Agüio)","","White-vented Euphonia"
"","","Euphonia hirundinacea","Yellow-throated Euphonia","Eufonia Gorgiamarilla (Agüío, Caciquita)","","Yellow-throated Euphonia"
"","","Euphonia laniirostris","Thick-billed Euphonia","Eufonia Piquigruesa (Agüío)","",NA
"","","Euphonia imitans","Spot-crowned Euphonia","Eufonia Vientrirrojiza (Agüío Barranquillo)","",NA
"","","Euphonia gouldi","Olive-backed Euphonia","Eufonia Olivácea (Agüío, Barranquillo, Culo Rojo, Güere)","","Olive-backed Euphonia"
"","","Euphonia anneae","Tawny-capped Euphonia","Eufonia Gorricanela (Agüío, Barranquilla)","","Tawny-capped Euphonia"
"","","Spinus psaltria","Lesser Goldfinch","Jilguero Menor (Mozotillo de Charral)","",NA
"","","Spinus xanthogastrus","Yellow-bellied Siskin","Jilguero Vientriamarillo (Mozotillo de Montaña)","",NA
"","Rhodinocichlidae","","","","",NA
"","","Rhodinocichla rosea","Rosy Thrush-Tanager","Tangara Pechirrosada (Queo)","",NA
"","Passerellidae","","","","",NA
"","","Chlorospingus canigularis","Ashy-throated Chlorospingus","Tangara de Monte Gargantigrís","",NA
"","","Chlorospingus pileatus","Sooty-capped Chlorospingus","Tangara de Monte Cejiblanca","",NA
"","","Chlorospingus flavopectus","Common Chlorospingus","Tangara de Monte Ojeruda (Cuatro Ojos)","","Common Chlorospingus"
"","","Peucaea ruficauda","Stripe-headed Sparrow","Sabanero Cabecilistado (Pájaro Chicle, Albarda Nueva, Ratoncillo)","","Stripe-headed Sparrow"
"","","Peucaea botterii","Botteri's Sparrow","Sabanero Pechianteado","",NA
"","","Ammodramus savannarum","Grasshopper Sparrow","Sabanero Colicorto","",NA
"","","Arremonops rufivirgatus","Olive Sparrow","Pinzón Aceitunado (Timbón)","","Olive Sparrow"
"","","Arremonops conirostris","Black-striped Sparrow","Pinzón  Cabecilistado (Purisquero, Pájaro Suzuki)","","Black-striped Sparrow"
"","","Spizella  passerina","Chipping Sparrow","Chimbito Común","",NA
"","","Spizella pallida","Clay-colored Sparrow","Chingolo Pálido","",NA
"","","Chondestes grammacus","Lark Sparrow","Sabanero Arlequín","",NA
"","","Arremon costaricensis","Costa Rican Brushfinch","Saltón Costarricense","",NA
"","","Arremon aurantiirostris","Orange-billed Sparrow","Pinzón Piquinaranja (Pico Chile, Pico Rojo, Pico de Oro)","","Orange-billed Sparrow"
"","","Arremon brunneinucha","Chestnut-capped Brushfinch","Saltón Cabecicastaño","","Chestnut-capped Brushfinch"
"","","Arremon crassirostris","Sooty-faced Finch","Pinzón Barranquero","",NA
"","","Junco vulcani","Volcano Junco","Junco Paramero (Junco Volcanero)","",NA
"","","Zonotrichia capensis","Rufous-collared Sparrow","Chingolo (Comemaíz, Pirrís)","",NA
"","","Zonotrichia leucophrys","White-crowned Sparrow","Chingolo Coroniblanco","",NA
"","","Passerculus sandwichensis","Savannah Sparrow","Sabanero Zanjero","",NA
"","","Melospiza lincolnii","Lincoln's Sparrow","Sabanero de Lincoln","",NA
"","","Pezopetes capitalis","Large-footed Finch","Saltón Patigrande","",NA
"","","Melozone leucotis","White-eared Ground-Sparrow","Pinzón Orejiblanco (Cuatro Ojos, Payasito)","",NA
"","","Melozone cabanisi","Cabanis's Ground-Sparrow","Pinzón Costarricense (Pinzón Cafetalero, Jupa Roja, Rey de Comemaíz, Mercenario)","",NA
"","","Aimophila rufescens","Rusty Sparrow","Sabanero Rojizo","",NA
"","","Atlapetes albinucha","White-naped Brushfinch","Saltón Gargantiamarilla (Comepuntas, Purisco)","",NA
"","","Atlapetes tibialis","Yellow-thighed Brushfinch","Saltón de Muslos Amarillos (Calzones Amarillos)","",NA
"","Zeledoniidae","","","","",NA
"","","Zeledonia coronata","Wrenthrush","Zeledonia","",NA
"","Icteriidae","","","","",NA
"","","Icteria virens","Yellow-breasted Chat","Reinita Grande","",NA
"","Icteridae","","","","",NA
"","","Xanthocephalus xanthocephalus","Yellow-headed Blackbird","Tordo Cabecidorado","",NA
"","","Dolichonyx oryzivorus","Bobolink","Tordo Arrocero","",NA
"","","Sturnella magna","Eastern Meadowlark","Zacatero Común (Zacatera, Carmelo)","","Eastern Meadowlark"
"","","Leistes militaris","Red-breasted Meadowlark","Tordo Pechirrojo","","Red-breasted Meadowlark"
"","","Amblycercus holosericeus","Yellow-billed Cacique","Cacique Picoplata (Pico de Plata)","","Yellow-billed Cacique"
"","","Psarocolius decumanus","Crested Oropendola","Oropéndola Crestada","",NA
"","","Psarocolius wagleri","Chestnut-headed Oropendola","Oropéndola Cabecicastaña (Oropéndola, Oropel, Guacalillo)","","Chestnut-headed Oropendola"
"","","Psarocolius montezuma","Montezuma Oropendola","Oropéndola de Moctezuma (Oropéndola)","","Montezuma Oropendola"
"","","Cacicus uropygialis","Scarlet-rumped Cacique","Cacique Lomiescarlata (Sargento, Plío)","","Scarlet-rumped Cacique"
"","","Icterus prosthemelas","Black-cowled Oriole","Bolsero Capuchinegro (Chorcha del Platanar, Cacique Amarillo)","","Black-cowled Oriole"
"","","Icterus spurius","Orchard Oriole","Bolsero Castaño (Cacique Ahumado)","","Orchard Oriole"
"","","Icterus chrysater","Yellow-backed Oriole","Bolsero Dorsidorado","",NA
"","","Icterus mesomelas","Yellow-tailed Oriole","Bolsero Coliamarillo (Chorcha, Chiltote, Chiltotel)","","Yellow-tailed Oriole"
"","","Icterus pustulatus","Streak-backed Oriole","Bolsero Dorsilistado (Chilchote, Chilto, Chorchín, Chorcha)","",NA
"","","Icterus bullockii","Bullock's Oriole","Bolsero de Bullock","",NA
"","","Icterus pectoralis","Spot-breasted Oriole","Bolsero Pechimanchado (Balsero, Chiltote)","",NA
"","","Icterus galbula","Baltimore Oriole","Bolsero Norteño (Cacique Veranero, Cacicón, Naranjero)","","Baltimore Oriole"
"","","Agelaius phoeniceus","Red-winged Blackbird","Tordo Sargento (Sargento)","",NA
"","","Molothrus bonariensis","Shiny Cowbird","Vaquero Mirlo","",NA
"","","Molothrus aeneus","Bronzed Cowbird","Vaquero Ojirrojo (Pius)","","Bronzed Cowbird"
"","","Molothrus oryzivorus","Giant Cowbird","Vaquero Grande","",NA
"","","Dives dives","Melodious Blackbird","Tordo Cantor","","Melodious Blackbird"
"","","Quiscalus mexicanus","Great-tailed Grackle","Zanate Grande (Sanate, Zanate)","","Great-tailed Grackle"
"","","Quiscalus nicaraguensis","Nicaraguan Grackle","Zanate de Laguna (Totí, Garrapatero)","","Nicaraguan Grackle"
"","Parulidae","","","","",NA
"","","Seiurus aurocapilla","Ovenbird","Reinita Hornera","","Ovenbird"
"","","Helmitheros vermivorum","Worm-eating Warbler","Reinita Gusanera","",NA
"","","Parkesia motacilla","Louisiana Waterthrush","Reinita Acuática Piquigrande (Menea Cola, Tordo de Agua)","","Louisiana Waterthrush"
"","","Parkesia noveboracensis","Northern Waterthrush","Reinita Acuática Norteña (Menea Cola, Tordo de Agua)","","Northern Waterthrush"
"","","Vermivora chrysoptera","Golden-winged Warbler","Reinita Alidorada","","Golden-winged Warbler"
"","","Vermivora cyanoptera","Blue-winged Warbler","Reinita Aliazul","",NA
"","","Mniotilta varia","Black-and-white Warbler","Reinita Trepadora (Zebrita)","","Black-and-white Warbler"
"","","Protonotaria citrea","Prothonotary Warbler","Reinita Cabecidorada","","Prothonotary Warbler"
"","","Oreothlypis gutturalis","Flame-throated Warbler","Reinita Garganta de Fuego","",NA
"","","Leiothlypis peregrina","Tennessee Warbler","Reinita Verdilla (Cazadorcita)","","Tennessee Warbler"
"","","Leiothlypis celata","Orange-crowned Warbler","Reinita Olivácea","",NA
"","","Leiothlypis ruficapilla","Nashville Warbler","Reinita Cachetigrís","",NA
"","","Oporornis agilis","Connecticut Warbler","Reinita Ojianillada","",NA
"","","Geothlypis poliocephala","Gray-crowned Yellowthroat","Antifacito Coronigrís","","Gray-crowned Yellowthroat"
"","","Geothlypis tolmiei","MacGillivray's Warbler","Reinita de Tupidero","",NA
"","","Geothlypis philadelphia","Mourning Warbler","Reinita Enlutada","","Mourning Warbler"
"","","Geothlypis formosa","Kentucky Warbler","Reinita Cachetinegra","","Kentucky Warbler"
"","","Geothlypis semiflava","Olive-crowned Yellowthroat","Antifacito Coroniolivo","","Olive-crowned Yellowthroat"
"","","Geothlypis trichas","Common Yellowthroat","Antifacito Norteño","","Common Yellowthroat"
"","","Setophaga citrina","Hooded Warbler","Reinita Encapuchada","","Hooded Warbler"
"","","Setophaga ruticilla","American Redstart","Candelita Norteña (Raya Roja)","","American Redstart"
"","","Setophaga tigrina","Cape May Warbler","Reinita Tigrina","",NA
"","","Setophaga cerulea","Cerulean Warbler","Reinita Cerulea","",NA
"","","Setophaga americana","Northern Parula","Parula Norteña","","Northern Parula"
"","","Setophaga pitiayumi","Tropical Parula","Parula Tropical","","Tropical Parula"
"","","Setophaga magnolia","Magnolia Warbler","Reinita Colifajeada","",NA
"","","Setophaga castanea","Bay-breasted Warbler","Reinita Castaña","","Bay-breasted Warbler"
"","","Setophaga fusca","Blackburnian Warbler","Reinita Gorginaranja","",NA
"","","Setophaga petechia","Yellow Warbler","Reinita Amarilla (Canarita)","","Yellow Warbler"
"","","Setophaga pensylvanica","Chestnut-sided Warbler","Reinita de Costillas Castañas","","Chestnut-sided Warbler"
"","","Setophaga striata","Blackpoll Warbler","Reinita Rayada","","Blackpoll Warbler"
"","","Setophaga caerulescens","Black-throated Blue Warbler","Reinita Azul y Negro","",NA
"","","Setophaga palmarum","Palm Warbler","Reinita Coronicastaña","",NA
"","","Setophaga pinus","Pine Warbler","Reinita de Pinos","",NA
"","","Setophaga coronata","Yellow-rumped Warbler","Reinita Lomiamarilla","","Yellow-rumped Warbler"
"","","Setophaga dominica","Yellow-throated Warbler","Reinita Gorgiamarilla","","Yellow-throated Warbler"
"","","Setophaga discolor","Prairie Warbler","Reinita Galana","",NA
"","","Setophaga townsendi","Townsend's Warbler","Reinita de Townsend","",NA
"","","Setophaga occidentalis","Hermit Warbler","Reinita Cabecigualda","",NA
"","","Setophaga chrysoparia","Golden-cheeked Warbler","Reinita Caridorada","",NA
"","","Setophaga virens","Black-throated Green Warbler","Reinita Cariamarilla","","Black-throated Green Warbler"
"","","Basileuterus delattrii","Chestnut-capped Warbler","Reinita Cabecicastaña","","Chestnut-capped Warbler"
"","","Basileuterus melanogenys","Black-cheeked Warbler","Reinita Carinegra","",NA
"","","Basileuterus culicivorus","Golden-crowned Warbler","Reinita Coronidorada","","Golden-crowned Warbler"
"","","Basileuterus melanotis","Costa Rican Warbler","Reinita Costarricense","","Costa Rican Warbler"
"","","Myiothlypis fulvicauda","Buff-rumped Warbler","Reinita Guardaribera (Cola Amarilla)","","Buff-rumped Warbler"
"","","Cardellina canadensis","Canada Warbler","Reinita Pechirrayada","",NA
"","","Cardellina pusilla","Wilson's Warbler","Reinita Gorrinegra (Curruquita)","","Wilson's Warbler"
"","","Myioborus miniatus","Slate-throated Redstart","Candelita Pechinegra (Candelita)","","Slate-throated Redstart"
"","","Myioborus torquatus","Collared Redstart","Candelita Collareja (Amigo de Hombre)","",NA
"","Mitrospingidae","","","","",NA
"","","Mitrospingus cassinii","Dusky-faced Tanager","Tangara Carinegruzca","","Dusky-faced Tanager"
"","Cardinalidae","","","","",NA
"","","Piranga flava","Hepatic Tanager","Tangara Bermeja (Cardenal)","X","Hepatic Tanager"
"","","Piranga rubra","Summer Tanager","Tangara Veranera (Cardenal Veranero, Pan de Achiote, Sangre Toro)","","Summer Tanager"
"","","Piranga olivacea","Scarlet Tanager","Tangara Escarlata (Cardenal Alas Negras)","","Scarlet Tanager"
"","","Piranga ludoviciana","Western Tanager","Tangara Carirroja","","Western Tanager"
"","","Piranga bidentata","Flame-colored Tanager","Tangara Dorsirrayado (Cardenal)","",NA
"","","Piranga leucoptera","White-winged Tanager","Tangara Aliblanca (Cardenalito)","",NA
"","","Habia rubica","Red-crowned Ant-Tanager","Tangara Hormiguera Coronirroja (Relicario)","","Red-crowned Ant-Tanager"
"","","Habia fuscicauda","Red-throated Ant-Tanager","Tangara Hormiguera Gorgirroja","","Red-throated Ant-Tanager"
"","","Habia atrimaxillaris","Black-cheeked Ant-Tanager","Tangara Hormiguera Carinegra","",NA
"","","Chlorothraupis carmioli","Carmiol's Tanager","Tangara Aceitunada","","Carmiol's Tanager"
"","","Caryothraustes poliogaster","Black-faced Grosbeak","Picogrueso Carinegro (Sarapiqueña)","","Black-faced Grosbeak"
"","","Pheucticus tibialis","Black-thighed Grosbeak","Picogrueso Vientriamarillo (Chorcho, Maizero, Chiltote)","",NA
"","","Pheucticus ludovicianus","Rose-breasted Grosbeak","Picogrueso Pechirrosado (Calandria)","","Rose-breasted Grosbeak"
"","","Pheucticus melanocephalus","Black-headed Grosbeak","Picogrueso Cabecinegro","",NA
"","","Amaurospiza concolor","Blue Seedeater","Semillero Azulado","","Blue Seedeater"
"","","Cyanoloxia cyanoides","Blue-black Grosbeak","Picogrueso Negro Azulado","","Blue-black Grosbeak"
"","","Passerina caerulea","Blue Grosbeak","Picogrueso Azul (Alondra)","",NA
"","","Passerina cyanea","Indigo Bunting","Azulillo Norteño (Indris)","","Indigo Bunting"
"","","Passerina ciris","Painted Bunting","Azulillo Sietecolores (Arcoiris, Siete Colores)","",NA
"","","Spiza americana","Dickcissel","Sabanero Arrocero (Arrocero, Pius)","",NA
"","Thraupidae","","","","",NA
"","","Eucometis  penicillata","Gray-headed Tanager","Tangara Cabecigrís","","Gray-headed Tanager"
"","","Loriotus luctuosus","White-shouldered Tanager","Tangara Caponiblanca","","White-shouldered Tanager"
"","","Tachyphonus delatrii","Tawny-crested Tanager","Tangara Coronidorada","","Tawny-crested Tanager"
"","","Tachyphonus rufus","White-lined Tanager","Tangara Forriblanca (Fraile)","","White-lined Tanager"
"","","Lanio leucothorax","White-throated Shrike-Tanager","Tangara Piquiganchuda","","White-throated Shrike-Tanager"
"","","Ramphocelus sanguinolentus","Crimson-collared Tanager","Tangara Capuchirroja (Rey de Sargento, Sangre de Toro)","","Crimson-collared Tanager"
"","","Ramphocelus flammigerus","Flame-rumped Tanager","Tangara Flamígera","",NA
"","","Ramphocelus passerinii","Scarlet-rumped Tanager","Tangara de Passerini (Sargento, Rabadilla Tinta, Terciopelo, Sangre de Toro)","","Scarlet-rumped Tanager"
"","","Ramphocelus dimidiatus","Crimson-backed Tanager","Tangara Dorsirrojo","",NA
"","","Bangsia arcaei","Blue-and-gold Tanager","Tangara de Costillas Negras (Agüión)","",NA
"","","Thraupis episcopus","Blue-gray Tanager","Tangara Azuleja (Viudita, Viuda)","","Blue-gray Tanager"
"","","Thraupis abbas","Yellow-winged Tanager","Tangara Aliamarilla","",NA
"","","Thraupis palmarum","Palm Tanager","Tangara Palmera (Viudita de la Costa)","","Palm Tanager"
"","","Ixothraupis guttata","Speckled Tanager","Tangara Moteada (Cebra)","",NA
"","","Stilpnia larvata","Golden-hooded Tanager","Tangara Capuchidorada (Juana, Mariposa, Siete Colores)","","Golden-hooded Tanager"
"","","Tangara dowii","Spangle-cheeked Tanager","Tangara Vientricastaña (Mariposa de Clima Frío)","",NA
"","","Tangara inornata","Plain-colored Tanager","Tangara Cenicienta","",NA
"","","Tangara lavinia","Rufous-winged Tanager","Tangara Alirrufa","","Rufous-winged Tanager"
"","","Tangara gyrola","Bay-headed Tanager","Tangara Cabecicastaña (Pavito)","","Bay-headed Tanager"
"","","Tangara florida","Emerald Tanager","Tangara Orejinegra","",NA
"","","Tangara icterocephala","Silver-throated Tanager","Tangara Dorada (Rayo de Sol, Chia, Juanita)","","Silver-throated Tanager"
"","","Dacnis venusta","Scarlet-thighed Dacnis","Mielero Celeste y Negro (Calzones Rojos)","","Scarlet-thighed Dacnis"
"","","Dacnis cayana","Blue Dacnis","Mielero Azulejo (Rey de Viuda)","","Blue Dacnis"
"","","Cyanerpes lucidus","Shining Honeycreeper","Mielero Luciente (Picudo Patiamarillo)","","Shining Honeycreeper"
"","","Cyanerpes cyaneus","Red-legged Honeycreeper","Mielero Patirrojo (Picudo, Mielero, Tucuso, Trepador)","","Red-legged Honeycreeper"
"","","Chlorophanes spiza","Green Honeycreeper","Mielero Verde (Rey de Mar, Verde Mar, Rey de Trepadores)","","Green Honeycreeper"
"","","Heterospingus rubrifrons","Sulphur-rumped Tanager","Tangara Lomiazufrada","",NA
"","","Chrysothlypis chrysomelas","Black-and-yellow Tanager","Tangara Negro y Dorado","","Black-and-yellow Tanager"
"","","Diglossa plumbea","Slaty Flowerpiercer","Pinchaflor Plomizo","",NA
"","","Haplospiza rustica","Slaty Finch","Fringilo Plomizo (Semillero)","",NA
"","","Acanthidops bairdi","Peg-billed Finch","Fringilo Piquiagudo (Semillero)","",NA
"","","Sicalis luteola","Grassland Yellow-Finch","Chirigue Sabanero","",NA
"","","Emberizoides herbicola","Wedge-tailed Grass-Finch","Sabanero Coludo (Chicharrón)","",NA
"","","Volatinia jacarina","Blue-black Grassquit","Semillerito Negro Azulado (Brea, Pius, Piusillo Negro, Saltapalito)","","Blue-black Grassquit"
"","","Sporophila bouvronides","Lesson's Seedeater","Espiguero de Lesson","",NA
"","","Sporophila lineola","Lined Seedeater","Espiguero Bigotudo (Setillero)","",NA
"","","Sporophila minuta","Ruddy-breasted Seedeater","Espiguero Menudo (Setillero Ladrillo)","",NA
"","","Sporophila funerea","Thick-billed Seed-Finch","Semillero Picogrueso","","Thick-billed Seed-Finch"
"","","Sporophila nuttingi","Nicaraguan Seed-Finch","Semillero Piquirrosado","","Nicaraguan Seed-Finch"
"","","Sporophila corvina","Variable Seedeater","Espiguero Variable (Setillero Collarejo, Monjito, Arrocerito)","","Variable Seedeater"
"","","Sporophila morelleti","Morelet's Seedeater","Espiguero Collarejo (Setillero Collarejo)","","Morelet's Seedeater"
"","","Sporophila nigricollis","Yellow-bellied Seedeater","Espiguero Vientriamarillo (Setillero Panameño)","",NA
"","","Sporophila schistacea","Slate-colored Seedeater","Espiguero Pizarroso (Setillero)","","Slate-colored Seedeater"
"","","Coereba flaveola","Bananaquit","Reinita Mielera (Pincha Flor, Santa Marta)","","Bananaquit"
"","","Tiaris olivaceus","Yellow-faced Grassquit","Semillerito Cariamarillo (Gallito)","","Yellow-faced Grassquit"
"","","Pinaroloxias inornata","Cocos Finch","Pinzón de la Isla del Coco","",NA
"","","Saltator maximus","Buff-throated Saltator","Saltator Gorgianteado (Chayotero, Chojui, Comepuntas, Sinsonte Verde)","","Buff-throated Saltator"
"","","Saltator atriceps","Black-headed Saltator","Saltator Cabecinegro (Chayotero)","","Black-headed Saltator"
"","","Saltator grandis","Cinnamon-bellied Saltator","Saltator Grisáceo (Comepuntas, Come Chayote, Sensontle, Sinsonte)","","Cinnamon-bellied Saltator"
"","","Saltator striatipectus","Streaked Saltator","Saltator Listado","",NA
"","","Saltator grossus","Slate-colored Grosbeak","Picogrueso Piquirrojo","",NA
NA,NA,NA,"Vermiculated Screech-Owl (Vermiculated)",NA,NA,"Vermiculated Screech-Owl (Vermiculated)"
NA,NA,NA,"Blue-crowned Motmot",NA,NA,"Blue-crowned Motmot"
NA,NA,NA,"Amazonian Motmot",NA,NA,"Amazonian Motmot"
NA,NA,NA,"Yellow-throated Toucan (Chestnut-mandibled)",NA,NA,"Yellow-throated Toucan (Chestnut-mandibled)"
NA,NA,NA,"White-cheeked Antbird",NA,NA,"White-cheeked Antbird"
NA,NA,NA,"Royal Flycatcher (Northern)",NA,NA,"Royal Flycatcher (Northern)"
NA,NA,NA,"Streaked Flycatcher (Streaked)",NA,NA,"Streaked Flycatcher (Streaked)"
NA,NA,NA,"Wing-barred Seedeater",NA,NA,"Wing-barred Seedeater"
