"Orden","Familia","Taxa","Ingles","Español","...7","Species","# or cw"
"","","","","","",NA,NA
"Tinamiformes","","","","","",NA,NA
"","Tinamidae","","","","",NA,NA
"","","Nothocercus bonapartei","Highland Tinamou","Tinamú Serrano (Gallina de monte de Altura, Gongolona)","",NA,NA
"","","Tinamus major","Great Tinamou","Tinamú Grande (Gallina de monte, Perdiz, Gongolona, Yerre)","",NA,NA
"","","Crypturellus soui","Little Tinamou","Tinamú Chico (Gallina de monte Chica, Gongolona, Yerre, Ponchita)","",NA,NA
"","","Crypturellus boucardi","Slaty-breasted Tinamou","Tinamú Pizarroso (Gallina de monte Patirroja)","",NA,NA
"","","Crypturellus cinnamomeus","Thicket Tinamou","Tinamú Canelo (Gallina de monte, Gongolona, Perdiz)","","Thicket Tinamou",NA
"Anseriformes","","","","","",NA,NA
"","Anatidae","","","","",NA,NA
"","","Dendrocygna viduata","White-faced Whistling-Duck","Pijije Cariblanco (Piche Careto)","",NA,NA
"","","Dendrocygna autumnalis","Black-bellied Whistling-Duck","Pijije Común (Piche, Quichichi, Pichichi)","","Black-bellied Whistling-Duck",NA
"","","Dendrocygna bicolor","Fulvous Whistling-Duck","Pijije Canelo (Piche Canelo)","",NA,NA
"","","Anser albifrons","Greater White-fronted Goose","Ganso Careto Mayor","",NA,NA
"","","Sarkidiornis sylvicola","Comb Duck","Pato Crestudo","",NA,NA
"","","Cairina moschata","Muscovy Duck","Pato Real (Pato Perulero)","","Muscovy Duck",NA
"","","Spatula discors","Blue-winged Teal","Cerceta Aliazul (Pato Canadiense, Zarceta, Carraco)","","Blue-winged Teal",NA
"","","Spatula cyanoptera","Cinnamon Teal","Cerceta Castaña (Carraco)","",NA,NA
"","","Spatula clypeata","Northern Shoveler","Pato Cuchara (Carraco)","","Northern Shoveler",NA
"","","Mareca americana","American Wigeon","Pato Calvo (Carraco)","",NA,NA
"","","Anas platyrhynchos","Mallard","Pato Cabeciverde (Carraco)","",NA,NA
"","","Anas bahamensis","White-cheeked Pintail","Pato Gargantilla","",NA,NA
"","","Anas acuta","Northern Pintail","Pato Rabudo (Carraco Colilargo)","",NA,NA
"","","Anas crecca","Green-winged Teal","Cerceta Aliverde (Carraco, Zarceta)","",NA,NA
"","","Aythya valisineria","Canvasback","Porrón Picudo","",NA,NA
"","","Aythya americana","Redhead","Porrón Americano (Pato Cabeza Roja)","",NA,NA
"","","Aythya ferina","Common Pochard","Porrón Europeo","",NA,NA
"","","Aythya collaris","Ring-necked Duck","Porrón Collarejo (Pato)","",NA,NA
"","","Aythya marila","Greater Scaup","Porrón Mayor (Pato)","",NA,NA
"","","Aythya affinis","Lesser Scaup","Porrón Menor (Pato)","",NA,NA
"","","Lophodytes cucullatus","Hooded Merganser","Serreta Capuchona (Pato de Cresta)","",NA,NA
"","","Mergus serrator","Red-breasted Merganser","Serreta Pechirrojo","",NA,NA
"","","Nomonyx dominicus","Masked Duck","Pato Enmascarado","",NA,NA
"","","Oxyura jamaicensis","Ruddy Duck","Pato Cariblanco","",NA,NA
"Galliformes","","","","","",NA,NA
"","Cracidae","","","","",NA,NA
"","","Ortalis vetula","Plain Chachalaca","Chachalaca Olivácea (Chachalaca)","","Plain Chachalaca",NA
"","","Ortalis cinereiceps","Gray-headed Chachalaca","Chachalaca Cabecigrís (Chachalaca, Pavita)","",NA,NA
"","","Penelope purpurascens","Crested Guan","Pava Crestada (Pava Granadera)","","Crested Guan",NA
"","","Chamaepetes unicolor","Black Guan","Pava Negra (Pajuila)","",NA,NA
"","","Crax rubra","Great Curassow","Pavón Grande (Pavón, Granadera)","","Great Curassow",NA
"","Odontophoridae","","","","",NA,NA
"","","Rhynchortyx cinctus","Tawny-faced Quail","Codorniz Carirrufa","",NA,NA
"","","Dendrortyx leucophrys","Buffy-crowned Wood-Partridge","Perdiz Montañera (Chirrascuá)","",NA,NA
"","","Colinus cristatus","Crested Bobwhite","Codorniz Crestada (Codorniz de Monte)","","Crested Bobwhite",NA
"","","Odontophorus gujanensis","Marbled Wood-Quail","Codorniz Corcovado (Julián Piojo)","",NA,NA
"","","Odontophorus melanotis","Black-eared Wood-Quail","Codorniz Orejinegra (Chirrascuá, Gallinita)","",NA,NA
"","","Odontophorus leucolaemus","Black-breasted Wood-Quail","Codorniz Pechinegra (Gallinita de Monte, Chirrascuá, Huevos de Chancho)","",NA,NA
"","","Odontophorus guttatus","Spotted Wood-Quail","Codorniz Moteada","",NA,NA
"Podicipediformes","","","","","",NA,NA
"","Podicipedidae","","","","",NA,NA
"","","Tachybaptus dominicus","Least Grebe","Zambullidor Enano","","Least Grebe",NA
"","","Podilymbus podiceps","Pied-billed Grebe","Zambullidor Piquipinto (Pico Pinto)","",NA,NA
"","","Podiceps nigricollis","Eared Grebe","Zambullidor Mediano","",NA,NA
"Columbiformes","","","","","",NA,NA
"","Columbidae","","","","",NA,NA
"","","Columba livia","Rock Pigeon","Paloma Doméstica (Paloma de Castilla)","",NA,NA
"","","Patagioenas cayennensis","Pale-vented Pigeon","Paloma Colorada (Paloma Morada)","","Pale-vented Pigeon",NA
"","","Patagioenas speciosa","Scaled Pigeon","Paloma Escamosa (Paloma Morada)","","Scaled Pigeon",NA
"","","Patagioenas leucocephala","White-crowned Pigeon","Paloma Coroniblanca","",NA,NA
"","","Patagioenas flavirostris","Red-billed Pigeon","Paloma Piquirroja (Paloma Morada Común)","","Red-billed Pigeon",NA
"","","Patagioenas fasciata","Band-tailed Pigeon","Paloma Collareja","","Band-tailed Pigeon",NA
"","","Patagioenas subvinacea","Ruddy Pigeon","Paloma Rojiza (Paloma Morada)","",NA,NA
"","","Patagioenas nigrirostris","Short-billed Pigeon","Paloma Piquicorta (Paloma Morada, Dos-tontos-son)","","Short-billed Pigeon",NA
"","","Streptopelia decaocto","Eurasian Collared-Dove","Tórtola Turca","",NA,NA
"","","Columbina inca","Inca Dove","Tortolita Colilarga (San Juan, Tórtola)","","Inca Dove",NA
"","","Columbina passerina","Common Ground Dove","Tortolita Común (Tortolita, Palomita)","","Common Ground Dove",NA
"","","Columbina minuta","Plain-breasted Ground Dove","Tortolita Menuda (Tortolita, Conchita)","","Plain-breasted Ground Dove",NA
"","","Columbina talpacoti","Ruddy Ground Dove","Tortolita Rojiza (Tortolita, Palomita Colorada)","","Ruddy Ground Dove",NA
"","","Claravis pretiosa","Blue Ground Dove","Tortolita Azulada","","Blue Ground Dove",NA
"","","Paraclaravis mondetoura","Maroon-chested Ground Dove","Tortolita Serranera","",NA,NA
"","","Geotrygon montana","Ruddy Quail-Dove","Paloma-Perdiz Rojiza","",NA,NA
"","","Geotrygon violacea","Violaceous Quail-Dove","Paloma-Perdiz Violácea","",NA,NA
"","","Leptotrygon veraguensis","Olive-backed Quail-Dove","Paloma-Perdiz Bigotiblanca","",NA,NA
"","","Leptotila verreauxi","White-tipped Dove","Paloma Coliblanca (Coliblanca, Yuré)","","White-tipped Dove",NA
"","","Leptotila cassinii","Gray-chested Dove","Paloma Pechigrís (Yuré)","","Gray-chested Dove",NA
"","","Leptotila plumbeiceps","Gray-headed Dove","Paloma Coronigrís (Yuré)","","Gray-headed Dove",NA
"","","Zentrygon costaricensis","Buff-fronted Quail-Dove","Paloma-Perdiz Costarricense","",NA,NA
"","","Zentrygon lawrencii","Purplish-backed Quail-Dove","Paloma-Perdiz Sombría","",NA,NA
"","","Zentrygon chiriquensis","Chiriqui Quail-Dove","Paloma-Perdiz Pechicanela","",NA,NA
"","","Zenaida asiatica","White-winged Dove","Paloma Aliblanca (Arrocera)","","White-winged Dove",NA
"","","Zenaida auriculata","Eared Dove","Paloma Torcaza","",NA,NA
"","","Zenaida macroura","Mourning Dove","Paloma Rabuda","","Mourning Dove",NA
"Cuculiformes","","","","","",NA,NA
"","Cuculidae","","","","",NA,NA
"","","Crotophaga major","Greater Ani","Garrapatero Mayor (Tijo)","",NA,NA
"","","Crotophaga ani","Smooth-billed Ani","Garrapatero Piquiliso (Tijo, Tinco)","",NA,NA
"","","Crotophaga sulcirostris","Groove-billed Ani","Garrapatero Piquiestriado (Tijo, Tinco, Zopilotillo)","","Groove-billed Ani",NA
"","","Tapera naevia","Striped Cuckoo","Cuclillo Listado (Rondero, Tres Pesos, Ave de las Ánimas)","",NA,NA
"","","Dromococcyx phasianellus","Pheasant Cuckoo","Cuclillo Faisán","",NA,NA
"","","Morococcyx erythropygus","Lesser Ground-Cuckoo","Cuclillo Sabanero (Horero)","","Lesser Ground-Cuckoo",NA
"","","Neomorphus geoffroyi","Rufous-vented Ground-Cuckoo","Cuco Hormiguero","",NA,NA
"","","Piaya cayana","Squirrel Cuckoo","Cuco Ardilla (Bobo Chiso, Cacao, San Miguel)","","Squirrel Cuckoo",NA
"","","Coccyzus melacoryphus","Dark-billed Cuckoo","Cuclillo Piquioscuro","",NA,NA
"","","Coccyzus americanus","Yellow-billed Cuckoo","Cuclillo Piquigualdo","",NA,NA
"","","Coccyzus minor","Mangrove Cuckoo","Cuclillo de Antifaz","","Mangrove Cuckoo",NA
"","","Coccyzus ferrugineus","Cocos Cuckoo","Cuclillo de la Isla del Coco","",NA,NA
"","","Coccyzus erythropthalmus","Black-billed Cuckoo","Cuclillo Piquinegro","",NA,NA
"Caprimulgiformes","","","","","",NA,NA
"","Caprimulgidae","","","","",NA,NA
"","","Chordeiles acutipennis","Lesser Nighthawk","Añapero Menor (Gavilán)","","Lesser Nighthawk",NA
"","","Chordeiles minor","Common Nighthawk","Añapero Zumbón","","Common Nighthawk",NA
"","","Lurocalis semitorquatus","Short-tailed Nighthawk","Añapero Colicorto","",NA,NA
"","","Nyctidromus albicollis","Common Pauraque","Tapacaminos Común (Cuyeo, Pucuyo)","","Common Pauraque",NA
"","","Hydropsalis cayennensis","White-tailed Nightjar","Chotacabras Coliblanco","",NA,NA
"","","Nyctiphrynus ocellatus","Ocellated Poorwill","Chotacabras Ocelado","",NA,NA
"","","Antrostomus carolinensis","Chuck-will's-widow","Chotacabras de Paso","","Chuck-will's-widow",NA
"","","Antrostomus rufus","Rufous Nightjar","Chotacabras Rojizo","",NA,NA
"","","Antrostomus ridgwayi","Buff-collared Nightjar","Chotacabras Tucuchillo","",NA,NA
"","","Antrostomus vociferus","Eastern Whip-poor-will","Chotacabras Norteño","",NA,NA
"","","Antrostomus saturatus","Dusky Nightjar","Chotacabras Sombrío (Tres Cobijas)","",NA,NA
"Nyctibiiformes","","","","","",NA,NA
"","Nyctibiidae","","","","",NA,NA
"","","Nyctibius grandis","Great Potoo","Nictibio Grande (Pájaro Estaca, Leona, Bruja)","","Great Potoo",NA
"","","Nyctibius griseus","Common Potoo","Nictibio Común (Pájaro Estaca, Pájaro Palo)","",NA,NA
"","","Nyctibius jamaicensis","Northern Potoo","Nictibio Norteño (Pájaro Estaca, Gozona)","","Northern Potoo",NA
"Steatornithiformes","","","","","",NA,NA
"","Steatornithidae","","","","",NA,NA
"","","Steatornis caripensis","Oilbird","Guácharo","",NA,NA
"Apodiformes","","","","","",NA,NA
"","Apodidae","","","","",NA,NA
"","","Cypseloides niger","Black Swift","Vencejo Negro","",NA,NA
"","","Cypseloides cryptus","White-chinned Swift","Vencejo Sombrío","",NA,NA
"","","Cypseloides cherriei","Spot-fronted Swift","Vencejo de Cherrie","",NA,NA
"","","Streptoprocne rutila","Chestnut-collared Swift","Vencejo Cuellicastaño","",NA,NA
"","","Streptoprocne zonaris","White-collared Swift","Vencejón Collarejo (Golondrón)","","White-collared Swift",NA
"","","Chaetura cinereiventris","Gray-rumped Swift","Vencejo Lomigrís","",NA,NA
"","","Chaetura fumosa","Costa Rican Swift","Vencejo de Rabadilla Clara","",NA,NA
"","","Chaetura pelagica","Chimney Swift","Vencejo de Paso","",NA,NA
"","","Chaetura vauxi","Vaux's Swift","Vencejo Común","","Vaux's Swift",NA
"","","Panyptila cayennensis","Lesser Swallow-tailed Swift","Vencejo Tijereta Menor (Macuá)","",NA,NA
"","","Panyptila sanctihieronymi","Great Swallow-tailed Swift","Vencejo Tijereta Mayor","",NA,NA
"","Trochilidae","","","","",NA,NA
"","","Florisuga mellivora","White-necked Jacobin","Jacobino Nuquiblanco","","White-necked Jacobin",NA
"","","Eutoxeres aquila","White-tipped Sicklebill","Pico de Hoz","",NA,NA
"","","Glaucis aeneus","Bronzy Hermit","Ermitaño Bronceado","",NA,NA
"","","Threnetes ruckeri","Band-tailed Barbthroat","Ermitaño Barbudo","",NA,NA
"","","Phaethornis guy","Green Hermit","Ermitaño Verde","",NA,NA
"","","Phaethornis longirostris","Long-billed Hermit","Ermitaño Colilargo","",NA,NA
"","","Phaethornis striigularis","Stripe-throated Hermit","Ermitaño Enano","","Stripe-throated Hermit",NA
"","","Doryfera ludovicae","Green-fronted Lancebill","Pico de Lanza Frentiverde","",NA,NA
"","","Colibri delphinae","Brown Violetear","Colibrí Orejivioláceo Pardo","",NA,NA
"","","Colibri cyanotus","Lesser Violetear","Colibrí Orejivioláceo Verde","",NA,NA
"","","Heliothryx barroti","Purple-crowned Fairy","Colibrí Picopunzón","",NA,NA
"","","Anthracothorax prevostii","Green-breasted Mango","Colibrí Manguito Pechiverde","","Green-breasted Mango",NA
"","","Anthracothorax veraguensis","Veraguan Mango","Colibrí Manguito de Veragua","",NA,NA
"","","Discosura conversii","Green Thorntail","Colibrí Colicerda Verde","",NA,NA
"","","Lophornis delattrei","Rufous-crested Coquette","Coqueta Crestirrojiza","",NA,NA
"","","Lophornis helenae","Black-crested Coquette","Coqueta Crestinegra","",NA,NA
"","","Lophornis adorabilis","White-crested Coquette","Coqueta Crestiblanca","",NA,NA
"","","Heliodoxa jacula","Green-crowned Brilliant","Colibrí Brillante Frentiverde","",NA,NA
"","","Eugenes spectabilis","Talamanca Hummingbird","Colibrí de Talamanca","",NA,NA
"","","Heliomaster longirostris","Long-billed Starthroat","Colibrí Piquilargo (Pochotero del Sur)","",NA,NA
"","","Heliomaster constantii","Plain-capped Starthroat","Colibrí Pochotero","","Plain-capped Starthroat",NA
"","","Panterpe insignis","Fiery-throated Hummingbird","Colibrí Garganta de Fuego","",NA,NA
"","","Lampornis hemileucus","White-bellied Mountain-gem","Colibrí Montañés Vientriblanco","",NA,NA
"","","Lampornis calolaemus","Purple-throated Mountain-gem","Colibrí Montañés Gorgimorado","",NA,NA
"","","Lampornis castaneoventris","White-throated Mountain-gem","Colibrí Montañés Gorgiblanco","",NA,NA
"","","Philodice bryantae","Magenta-throated Woodstar","Colibrí Estrellita Gorgimorada","",NA,NA
"","","Archilochus colubris","Ruby-throated Hummingbird","Colibrí Garganta de Rubí","","Ruby-throated Hummingbird",NA
"","","Selasphorus flammula","Volcano Hummingbird","Colibrí Chispita Volcanera (Chispita, Colibrí Mosca)","",NA,NA
"","","Selasphorus scintilla","Scintillant Hummingbird","Colibrí Chispita Gorginaranja (Chispita, Colibrí Mosca)","",NA,NA
"","","Cynanthus canivetii","Canivet's Emerald","Esmeralda Rabihorcada","","Canivet's Emerald",NA
"","","Chlorostilbon assimilis","Garden Emerald","Esmeralda Jardinero","",NA,NA
"","","Klais guimeti","Violet-headed Hummingbird","Colibrí Cabeciazul","",NA,NA
"","","Campylopterus hemileucurus","Violet Sabrewing","Ala de Sable Violáceo","",NA,NA
"","","Chalybura urochrysia","Bronze-tailed Plumeleteer","Colibrí Patirrojo","",NA,NA
"","","Thalurania colombica","Crowned Woodnymph","Colibrí Ninfa Verde-Violeta","",NA,NA
"","","Microchera albocoronata","Snowcap","Colibrí Copete de Nieve","",NA,NA
"","","Microchera cupreiceps","Coppery-headed Emerald","Esmeralda de Coronilla Cobriza","",NA,NA
"","","Microchera chionura","White-tailed Emerald","Esmeralda Coliblanca","",NA,NA
"","","Eupherusa eximia","Stripe-tailed Hummingbird","Colibrí Colirrayado","",NA,NA
"","","Eupherusa nigriventris","Black-bellied Hummingbird","Colibrí Pechinegro","",NA,NA
"","","Phaeochroa cuvierii","Scaly-breasted Hummingbird","Colibrí Pechiescamado","","Scaly-breasted Hummingbird",NA
"","","Saucerottia hoffmanni","Blue-vented Hummingbird","Colibrí Vientriazul (Gorrión)","",NA,NA
"","","Saucerottia cyanura","Blue-tailed Hummingbird","Colibrí Coliazul (Gorrión)","","Blue-tailed Hummingbird",NA
"","","Saucerottia edward","Snowy-bellied Hummingbird","Colibrí Vientriblanco (Gorrión)","",NA,NA
"","","Amazilia rutila","Cinnamon Hummingbird","Colibrí Canelo (Gorrión)","","Cinnamon Hummingbird",NA
"","","Amazilia tzacatl","Rufous-tailed Hummingbird","Colibrí Rabirrufo (Gorrión)","","Rufous-tailed Hummingbird",NA
"","","Amazilia boucardi","Mangrove Hummingbird","Colibrí de Manglar (Gorrión)","",NA,NA
"","","Chrysuronia coeruleogularis","Sapphire-throated Hummingbird","Colibrí Garganta de Zafiro","",NA,NA
"","","Polyerata amabilis","Blue-chested Hummingbird","Colibrí Pechiazul (Gorrión)","",NA,NA
"","","Polyerata decora","Charming Hummingbird","Colibrí Corona de Berilo (Gorrión)","",NA,NA
"","","Chlorestes candida","White-bellied Emerald","Colibrí Pechiblanco (Gorrión)","",NA,NA
"","","Chlorestes eliciae","Blue-throated Goldentail","Colibrí Colidorado","","Blue-throated Goldentail",NA
"Gruiformes","","","","","",NA,NA
"","Rallidae","","","","",NA,NA
"","","Rallus longirostris","Mangrove Rail","Rascón Picudo","",NA,NA
"","","Mustelirallus erythrops","Paint-billed Crake","Polluela Piquirroja","",NA,NA
"","","Pardirallus maculatus","Spotted Rail","Rascón Moteado","",NA,NA
"","","Amaurolimnas concolor","Uniform Crake","Rascón Café","",NA,NA
"","","Aramides axillaris","Rufous-necked Wood-Rail","Rascón Cuellirrufo","","Rufous-necked Wood-Rail",NA
"","","Aramides albiventris","Russet-naped Wood-Rail","Rascón Pomponé","","Russet-naped Wood-Rail",NA
"","","Aramides cajaneus","Gray-cowled Wood-Rail","Rascón Cuelligrís (Chirincoco, Pomponé, Pone-pone)","",NA,NA
"","","Porzana carolina","Sora","Polluela Sora","","Sora",NA
"","","Gallinula galeata","Common Gallinule","Gallareta Frentirroja (Gallineta)","",NA,NA
"","","Fulica americana","American Coot","Focha Americana","","American Coot",NA
"","","Porphyrio martinicus","Purple Gallinule","Gallareta Morada (Polla de Agua, Gallina de Agua, Calamón Morada)","","Purple Gallinule",NA
"","","Rufirallus schomburgkii","Ocellated Crake","Polluela Ocelada","",NA,NA
"","","Hapalocrex flaviventer","Yellow-breasted Crake","Polluela Pechiamarilla","","Yellow-breasted Crake",NA
"","","Laterallus ruber","Ruddy Crake","Polluela Colorada","",NA,NA
"","","Laterallus albigularis","White-throated Crake","Polluela Gargantiblanca (Freidora, Huevo frito)","",NA,NA
"","","Laterallus exilis","Gray-breasted Crake","Polluela Pechigrís","",NA,NA
"","","Laterallus jamaicensis","Black Rail","Polluela Negra","",NA,NA
"","Heliornithidae","","","","",NA,NA
"","","Heliornis fulica","Sungrebe","Pato Cantil (Perrito de Agua, Toboba)","",NA,NA
"","Aramidae","","","","",NA,NA
"","","Aramus guarauna","Limpkin","Carao (Correa)","","Limpkin",NA
"Charadriiformes","","","","","",NA,NA
"","Burhinidae","","","","",NA,NA
"","","Hesperoburhinus bistriatus","Double-striped Thick-knee","Alcaraván Americano (Alcaraván)","","Double-striped Thick-knee",NA
"","Recurvirostridae","","","","",NA,NA
"","","Himantopus mexicanus","Black-necked Stilt","Cigüeñuela Cuellinegro (Soldadito)","","Black-necked Stilt",NA
"","","Recurvirostra americana","American Avocet","Avoceta Americana","",NA,NA
"","Haematopodidae","","","","",NA,NA
"","","Haematopus palliatus","American Oystercatcher","Ostrero Americano","","American Oystercatcher",NA
"","Charadriidae","","","","",NA,NA
"","","Pluvialis squatarola","Black-bellied Plover","Chorlito Gris","","Black-bellied Plover",NA
"","","Pluvialis dominica","American Golden-Plover","Chorlito Dorado Menor","",NA,NA
"","","Pluvialis fulva","Pacific Golden-Plover","Chorlito Dorado del Pacífico","",NA,NA
"","","Vanellus chilensis","Southern Lapwing","Chorlitazo Sureño (Avefría)","","Southern Lapwing",NA
"","","Anarhynchus collaris","Collared Plover","Chorlitejo Collarejo (Turillo)","","Collared Plover",NA
"","","Anarhynchus nivosus","Snowy Plover","Chorlitejo Patinegro (Chorlito, Turillo)","","Snowy Plover",NA
"","","Anarhynchus wilsonia","Wilson's Plover","Chorlitejo Picudo (Chorlito Gritón, Turillo)","","Wilson's Plover",NA
"","","Charadrius semipalmatus","Semipalmated Plover","Chorlitejo Semipalmado (Chorlito, Turillo)","","Semipalmated Plover",NA
"","","Charadrius melodus","Piping Plover","Chorlitejo Silbador","",NA,NA
"","","Charadrius vociferus","Killdeer","Chorlitejo de Dos Collares (Pijije, Tildío)","","Killdeer",NA
"","Jacanidae","","","","",NA,NA
"","","Jacana spinosa","Northern Jacana","Jacana Centroamericana (Cirujano, Gallito de Agua, Mulita, Yegüita)","","Northern Jacana",NA
"","","Jacana jacana","Wattled Jacana","Jacana Sureña","",NA,NA
"","Scolopacidae","","","","",NA,NA
"","","Bartramia longicauda","Upland Sandpiper","Pradero (Gansa)","",NA,NA
"","","Numenius phaeopus","Whimbrel","Zarapito Trinador (Cherelá, Zarceta)","","Whimbrel",NA
"","","Numenius americanus","Long-billed Curlew","Zarapito Piquilargo","",NA,NA
"","","Limosa haemastica","Hudsonian Godwit","Aguja Lomiblanca","",NA,NA
"","","Limosa fedoa","Marbled Godwit","Aguja Canela","",NA,NA
"","","Limnodromus griseus","Short-billed Dowitcher","Agujeta Común","","Short-billed Dowitcher",NA
"","","Limnodromus scolopaceus","Long-billed Dowitcher","Agujeta Silbona","",NA,NA
"","","Gallinago delicata","Wilson's Snipe","Becacina Común (Becada)","",NA,NA
"","","Phalaropus tricolor","Wilson's Phalarope","Falaropo Tricolor","",NA,NA
"","","Phalaropus fulicarius","Red Phalarope","Falaropo Rojo","",NA,NA
"","","Phalaropus lobatus","Red-necked Phalarope","Falaropo Picofino","",NA,NA
"","","Actitis macularius","Spotted Sandpiper","Andarríos Maculado (Alzacolita, Piririza, Tigüiza)","","Spotted Sandpiper",NA
"","","Tringa solitaria","Solitary Sandpiper","Andarríos Solitario (Tigüiza)","","Solitary Sandpiper",NA
"","","Tringa incana","Wandering Tattler","Correlimos Vagabundo","",NA,NA
"","","Tringa flavipes","Lesser Yellowlegs","Patiamarillo Menor (Pijije, Zarceta)","","Lesser Yellowlegs",NA
"","","Tringa semipalmata","Willet","Pigüilo","","Willet",NA
"","","Tringa melanoleuca","Greater Yellowlegs","Patiamarillo Mayor (Correlimos Grande, Pijije, Zarceta)","","Greater Yellowlegs",NA
"","","Arenaria interpres","Ruddy Turnstone","Vuelvepiedras Rojizo","","Ruddy Turnstone",NA
"","","Calidris canutus","Red Knot","Correlimos Grande","","Red Knot",NA
"","","Calidris virgata","Surfbird","Chorlito de Rompientes","",NA,NA
"","","Calidris pugnax","Ruff","Combatiente","",NA,NA
"","","Calidris ferruginea","Curlew Sandpiper","Correlimos Zarapitín","",NA,NA
"","","Calidris himantopus","Stilt Sandpiper","Correlimos Patilargo (Patudo, Becacina)","",NA,NA
"","","Calidris subruficollis","Buff-breasted Sandpiper","Praderito Pechianteado (Zarceta)","",NA,NA
"","","Calidris alba","Sanderling","Playero Arenero","","Sanderling",NA
"","","Calidris alpina","Dunlin","Correlimos Pechinegro","",NA,NA
"","","Calidris bairdii","Baird's Sandpiper","Correlimos de Baird (Patudo, Becacina)","",NA,NA
"","","Calidris fuscicollis","White-rumped Sandpiper","Correlimos Lomiblanco (Patudo, Becacina)","",NA,NA
"","","Calidris minutilla","Least Sandpiper","Correlimos Menudo (Patudo, Becacina)","","Least Sandpiper",NA
"","","Calidris melanotos","Pectoral Sandpiper","Correlimos Pechirrayado (Patudo, Becacina)","",NA,NA
"","","Calidris mauri","Western Sandpiper","Correlimos Occidental (Patudo, Becacina)","","Western Sandpiper",NA
"","","Calidris pusilla","Semipalmated Sandpiper","Correlimos Semipalmado","","Semipalmated Sandpiper",NA
"","Stercorariidae","","","","",NA,NA
"","","Stercorarius longicaudus","Long-tailed Jaeger","Págalo Colilargo","",NA,NA
"","","Stercorarius parasiticus","Parasitic Jaeger","Págalo Parásito","",NA,NA
"","","Stercorarius pomarinus","Pomarine Jaeger","Págalo Pomarino","",NA,NA
"","","Stercorarius maccormicki","South Polar Skua","Salteador Polar","",NA,NA
"","Laridae","","","","",NA,NA
"","","Creagrus furcatus","Swallow-tailed Gull","Gaviota Tijereta","",NA,NA
"","","Rissa tridactyla","Black-legged Kittiwake","Gaviota Patinegra","",NA,NA
"","","Xema sabini","Sabine's Gull","Gaviota de Sabine","","Sabine's Gull",NA
"","","Chroicocephalus philadelphia","Bonaparte’s Gull","Gaviota de Bonaparte","",NA,NA
"","","Chroicocephalus cirrocephalus","Gray-hooded Gull","Gaviota Cabecigris","",NA,NA
"","","Leucophaeus modestus","Gray Gull","Gaviota Torero","",NA,NA
"","","Leucophaeus atricilla","Laughing Gull","Gaviota Reidora","","Laughing Gull",NA
"","","Leucophaeus pipixcan","Franklin's Gull","Gaviota de Franklin","",NA,NA
"","","Larus heermanni","Heermann's Gull","Gaviota de Heermann","",NA,NA
"","","Larus delawarensis","Ring-billed Gull","Gaviota Piquianillada","",NA,NA
"","","Larus occidentalis","Western Gull","Gaviota Occidental","",NA,NA
"","","Larus dominicanus","Kelp Gull","Gaviota Cocinera","",NA,NA
"","","Larus argentatus","Herring Gull","Gaviota Argéntea","",NA,NA
"","","Larus marinus","Great Black-backed Gull","Gavión Atlántico","",NA,NA
"","","Larus fuscus","Lesser Black-backed Gull","Gaviota Sombría","",NA,NA
"","","Larus californicus","California Gull","Gaviota Californiana","",NA,NA
"","","Rynchops niger","Black Skimmer","Rayador Negro","",NA,NA
"","","Gygis alba","White Tern","Charrán Blanco (Palomita del Espíritu Santo)","",NA,NA
"","","Anous stolidus","Brown Noddy","Tiñosa Común (Charrán Negro)","",NA,NA
"","","Anous minutus","Black Noddy","Tiñosa Negra (Charrán Negro Pequeño)","",NA,NA
"","","Onychoprion fuscatus","Sooty Tern","Charrán Sombrío","",NA,NA
"","","Onychoprion anaethetus","Bridled Tern","Charrán Embridado","",NA,NA
"","","Sternula  antillarum","Least Tern","Charrán Chico","",NA,NA
"","","Sternula superciliaris","Yellow-billed Tern","Charrán Piquiamarillo","",NA,NA
"","","Phaetusa simplex","Large-billed Tern","Charrán Picudo (Charrán de Río)","",NA,NA
"","","Gelochelidon nilotica","Gull-billed Tern","Charrán Piquinegro","",NA,NA
"","","Hydroprogne caspia","Caspian Tern","Pagaza Mayor","",NA,NA
"","","Larosterna inca","Inca Tern","Charrán Inca","",NA,NA
"","","Chlidonias niger","Black Tern","Charrancito Negro","","Black Tern",NA
"","","Sterna forsteri","Forster's Tern","Charrán de Forster","",NA,NA
"","","Sterna paradisaea","Arctic Tern","Charrán Viajero","",NA,NA
"","","Sterna hirundo","Common Tern","Charrán Común","","Common Tern",NA
"","","Sterna dougallii","Roseate Tern","Charrán Rosado","",NA,NA
"","","Thalasseus sandvicensis","Sandwich Tern","Pagaza Puntiamarilla","","Sandwich Tern",NA
"","","Thalasseus elegans","Elegant Tern","Pagaza Elegante","","Elegant Tern",NA
"","","Thalasseus maximus","Royal Tern","Pagaza Real","","Royal Tern",NA
"Eurypygiformes","","","","","",NA,NA
"","Eurypygidae","","","","",NA,NA
"","","Eurypyga helias","Sunbittern","Garza del Sol (Sol y Luna, Ave Canasta)","","Sunbittern",NA
"Phaethontiformes","","","","","",NA,NA
"","Phaethontidae","","","","",NA,NA
"","","Phaethon lepturus","White-tailed Tropicbird","Rabijunco Cola Blanca","",NA,NA
"","","Phaethon aethereus","Red-billed Tropicbird","Rabijunco Piquirrojo","",NA,NA
"","","Phaethon rubricauda","Red-tailed Tropicbird","Rabijunco Cola Roja","",NA,NA
"Procellariiformes","","","","","",NA,NA
"","Diomedeidae","","","","",NA,NA
"","","Phoebastria irrorata","Waved Albatross","Albatros de Galápagos","",NA,NA
"","","Thalassarche chlororhynchos","Atlantic Yellow-nosed Albatross","Albatros Pico Fino","",NA,NA
"","","","","","",NA,NA
"","Oceanitidae","","","","",NA,NA
"","","Oceanites oceanicus","Wilson's Storm-Petrel","Paiño de Wilson","",NA,NA
"","","Pelagodroma marina","White-faced Storm-Petrel","Paiño Pechialbo","",NA,NA
"","Hydrobatidae","","","","",NA,NA
"","","Hydrobates leucorhous","Leach's Storm-Petrel","Paiño de Leach","",NA,NA
"","","Hydrobates castro","Band-rumped Storm-Petrel","Paiño Rabifajeado","",NA,NA
"","","Hydrobates tethys","Wedge-rumped Storm-Petrel","Paiño Danzarin","",NA,NA
"","","Hydrobates melania","Black Storm-Petrel","Paiño Negro","",NA,NA
"","","Hydrobates markhami","Markham's Storm-Petrel","Paiño de Markham","",NA,NA
"","","Hydrobates microsoma","Least Storm-Petrel","Paiño Menudo","",NA,NA
"","Procellariidae","","","","",NA,NA
"","","Pterodroma hasitata","Black-capped Petrel","Petrel Gorrinegro","",NA,NA
"","","Pterodroma phaeopygia","Galapagos Petrel","Petrel Lomioscuro","",NA,NA
"","","Pseudobulweria rostrata","Tahiti Petrel","Petrel de Tahiti","",NA,NA
"","","Procellaria conspicillata","Spectacled Petrel","Petrel de Anteojos","",NA,NA
"","","Procellaria parkinsoni","Parkinson’s Petrel","Petrel de Parkinson","",NA,NA
"","","Calonectris diomedea","Cory's Shearwater","Pardela Cenicienta","",NA,NA
"","","Ardenna creatopus","Pink-footed Shearwater","Pardela Blanca Común","",NA,NA
"","","Ardenna gravis","Great Shearwater","Pardela Mayor","",NA,NA
"","","Ardenna pacifica","Wedge-tailed Shearwater","Pardela Colicuña","",NA,NA
"","","Ardenna grisea","Sooty Shearwater","Pardela Sombría","",NA,NA
"","","Ardenna tenuirostris","Short-tailed Shearwater","Pardela Colicorta","",NA,NA
"","","Puffinus nativitatis","Christmas Shearwater","Pardela de Navidad","",NA,NA
"","","Puffinus subalaris","Galapagos Shearwater","Pardela de las Galápagos","",NA,NA
"","","Puffinus puffinus","Manx Shearwater","Pardela Manx","",NA,NA
"","","Puffinus opisthomelas","Black-vented Shearwater","Pardela Culinegra","",NA,NA
"","","Puffinus lherminieri","Audubon’s Shearwater","Pardela de Audubon","",NA,NA
"Ciconiiformes","","","","","",NA,NA
"","Ciconiidae","","","","",NA,NA
"","","Ciconia maguari","Maguari Stork","Cigüeña Maguari","",NA,NA
"","","Jabiru mycteria","Jabiru","Jabirú (Galán Sin Ventura, Veterano)","",NA,NA
"","","Mycteria americana","Wood Stork","Cigüeñón (Garzón, Guairón, Cigüeña)","","Wood Stork",NA
"Suliformes","","","","","",NA,NA
"","Fregatidae","","","","",NA,NA
"","","Fregata magnificens","Magnificent Frigatebird","Rabihorcado Magno (Tijereta, Fragata, Zopilote de Mar)","","Magnificent Frigatebird",NA
"","","Fregata minor","Great Frigatebird","Rabihorcado Grande (Tijereta)","",NA,NA
"","Sulidae","","","","",NA,NA
"","","Sula sula","Red-footed Booby","Piquero Patirrojo","",NA,NA
"","","Sula leucogaster","Brown Booby","Piquero Moreno (Monjita, Alcatraz)","","Brown Booby",NA
"","","Sula dactylatra","Masked Booby","Piquero Blanco","","Masked Booby",NA
"","","Sula granti","Nazca Booby","Piquero de Nazca AOCR","",NA,NA
"","","Sula nebouxii","Blue-footed Booby","Piquero Patiazul","","Blue-footed Booby",NA
"","","Sula variegata","Peruvian Booby","Piquero Peruano","",NA,NA
"","Anhingidae","","","","",NA,NA
"","","Anhinga anhinga","Anhinga","Aninga (Pato Aguja)","","Anhinga",NA
"","Phalacrocoracidae","","","","",NA,NA
"","","Nannopterum brasilianum","Neotropic Cormorant","Cormorán Neotropical (Pato Chancho, Pato de Agua, Bigua)","","Neotropic Cormorant",NA
"Pelecaniformes","","","","","",NA,NA
"","Pelecanidae","","","","",NA,NA
"","","Pelecanus erythrorhynchos","American White Pelican","Pelícano Blanco Americano","",NA,NA
"","","Pelecanus occidentalis","Brown Pelican","Pelícano Pardo (Buchón, Pelícano, Alcatraz)","","Brown Pelican",NA
"","Ardeidae","","","","",NA,NA
"","","Tigrisoma lineatum","Rufescent Tiger-Heron","Garza-Tigre de Selva (Martín Peña, Pájaro Vaco)","",NA,NA
"","","Tigrisoma mexicanum","Bare-throated Tiger-Heron","Garza-Tigre Cuellinuda (Garzón, Martín Peña, Pájaro Vaco)","","Bare-throated Tiger-Heron",NA
"","","Tigrisoma fasciatum","Fasciated Tiger-Heron","Garza-Tigre de Río (Martín Peña, Pájaro Vaco)","","Fasciated Tiger-Heron",NA
"","","Cochlearius cochlearius","Boat-billed Heron","Pico Cuchara (Chocuaco, Cuaca)","","Boat-billed Heron",NA
"","","Agamia agami","Agami Heron","Garza Pechicastaña (Agamia)","",NA,NA
"","","Botaurus lentiginosus","American Bittern","Avetoro Norteño (Puncus)","",NA,NA
"","","Botaurus pinnatus","Pinnated Bittern","Avetoro Neotropical (Puncus, Mirasol)","",NA,NA
"","","Ixobrychus exilis","Least Bittern","Avetorillo Pantanero (Mirasol)","",NA,NA
"","","Nyctanassa violacea","Yellow-crowned Night Heron","Martinete Cabecipinto","","Yellow-crowned Night Heron",NA
"","","Nycticorax nycticorax","Black-crowned Night Heron","Martinete Coroninegro (Chocuaca)","","Black-crowned Night Heron",NA
"","","Syrigma sibilatrix","Whistling Heron","Garza Silbadora","",NA,NA
"","","Egretta caerulea","Little Blue Heron","Garceta Azul (Garza Negra)","","Little Blue Heron",NA
"","","Egretta tricolor","Tricolored Heron","Garceta Tricolor","","Tricolored Heron",NA
"","","Egretta rufescens","Reddish Egret","Garceta Rojiza","","Reddish Egret",NA
"","","Egretta thula","Snowy Egret","Garceta Nivosa","","Snowy Egret",NA
"","","Butorides striata","Striated Heron","Garcilla Cuelligrís (Chocuaco, Martín Peña)","",NA,NA
"","","Butorides virescens","Green Heron","Garcilla Verde (Martín Peña)","","Green Heron",NA
"","","Bubulcus ibis","Western Cattle Egret","Garcilla Bueyera (Garcilla Ganadera, Garza Vaquera, Garza de Ganado)","","Western Cattle Egret",NA
"","","Ardea herodias","Great Blue Heron","Garzón Azulado (Garza Ceniza, Garzón)","","Great Blue Heron",NA
"","","Ardea alba","Great Egret","Garceta Grande (Garza Real)","","Great Egret",NA
"","Threskiornithidae","","","","",NA,NA
"","","Eudocimus albus","White Ibis","Ibis Blanco (Coco)","","White Ibis",NA
"","","Plegadis falcinellus","Glossy Ibis","Ibis Morito (Coco Negro)","",NA,NA
"","","Plegadis chihi","White-faced Ibis","Ibis Cariblanco","",NA,NA
"","","Mesembrinibis cayennensis","Green Ibis","Ibis Verde (Coco Negro)","",NA,NA
"","","Phimosus infuscatus","Bare-faced Ibis","Ibis Caripelado","",NA,NA
"","","Platalea ajaja","Roseate Spoonbill","Espátula Rosada (Garza Morena o Rosada, Pato Cuchara o Rosado)","","Roseate Spoonbill",NA
"Cathartiformes","","","","","",NA,NA
"","Cathartidae","","","","",NA,NA
"","","Sarcoramphus papa","King Vulture","Zopilote Rey (Rey Gallinazo, Rey de Zopilotes)","","King Vulture",NA
"","","Coragyps atratus","Black Vulture","Zopilote Negro (Zoncho, Gallinazo)","","Black Vulture",NA
"","","Cathartes aura","Turkey Vulture","Zopilote Cabecirrojo (Zonchite, Noneca)","","Turkey Vulture",NA
"","","Cathartes burrovianus","Lesser Yellow-headed Vulture","Zopilote Cabecigualdo (Noneca)","",NA,NA
"Accipitriformes","","","","","",NA,NA
"","Pandionidae","","","","",NA,NA
"","","Pandion haliaetus","Osprey","Águila Pescadora (Gavilán Pescador)","","Osprey",NA
"","Accipitridae","","","","",NA,NA
"","","Gampsonyx swainsonii","Pearl Kite","Elanio Enano","","Pearl Kite",NA
"","","Elanus leucurus","White-tailed Kite","Elanio Coliblanco (Gavilán Bailarín, Gavilancillo Blanco)","","White-tailed Kite",NA
"","","Chondrohierax uncinatus","Hook-billed Kite","Gavilán Piquiganchudo","","Hook-billed Kite",NA
"","","Leptodon cayanensis","Gray-headed Kite","Gavilán Cabecigrís","","Gray-headed Kite",NA
"","","Elanoides forficatus","Swallow-tailed Kite","Elanio Tijereta (Gavilán Tijereta)","",NA,NA
"","","Morphnus guianensis","Crested Eagle","Águila Crestada","",NA,NA
"","","Harpia harpyja","Harpy Eagle","Águila Arpía (Aguilucho)","",NA,NA
"","","Spizaetus tyrannus","Black Hawk-Eagle","Aguilillo Negro (Aguilucho)","",NA,NA
"","","Spizaetus ornatus","Ornate Hawk-Eagle","Aguilillo Penachudo (Aguilucho)","",NA,NA
"","","Spizaetus melanoleucus","Black-and-white Hawk-Eagle","Aguilillo Blanco y Negro (Águila Marcial)","",NA,NA
"","","Microspizias superciliosus","Tiny Hawk","Gavilán Enano (Camaleón)","",NA,NA
"","","Busarellus nigricollis","Black-collared Hawk","Gavilán de Ciénega (Gavilán Pescador)","",NA,NA
"","","Rostrhamus sociabilis","Snail Kite","Elanio Caracolero (Gavilán Caracolero)","","Snail Kite",NA
"","","Harpagus bidentatus","Double-toothed Kite","Gavilán Gorgirrayado","","Double-toothed Kite",NA
"","","Ictinia mississippiensis","Mississippi Kite","Elanio Colinegro","","Mississippi Kite",NA
"","","Ictinia plumbea","Plumbeous Kite","Elanio Plomizo","",NA,NA
"","","Circus hudsonius","Northern Harrier","Aguilucho Norteño","",NA,NA
"","","Accipiter poliogaster","Gray-bellied Hawk","Gavilán Vientrigris","",NA,NA
"","","Accipiter striatus","Sharp-shinned Hawk","Gavilán Pajarero (Camaleón)","","Sharp-shinned Hawk",NA
"","","Accipiter cooperii","Cooper's Hawk","Gavilán de Cooper (Camaleón)","",NA,NA
"","","Accipiter bicolor","Bicolored Hawk","Gavilán Bicolor (Camaleón)","",NA,NA
"","","Geranospiza caerulescens","Crane Hawk","Gavilán Ranero (Caracolero)","","Crane Hawk",NA
"","","Buteogallus anthracinus","Common Black Hawk","Gavilán Cangrejero","","Common Black Hawk",NA
"","","Buteogallus meridionalis","Savanna Hawk","Gavilán Sabanero","",NA,NA
"","","Buteogallus urubitinga","Great Black Hawk","Gavilán Negro Mayor (Aguilucho, Gavilán Silbero, Cangrejero)","","Great Black Hawk",NA
"","","Buteogallus solitarius","Solitary Eagle","Águila Solitaria","",NA,NA
"","","Morphnarchus princeps","Barred Hawk","Gavilán Pechinegro","",NA,NA
"","","Rupornis magnirostris","Roadside Hawk","Gavilán Chapulinero (Pata Podrida)","","Roadside Hawk",NA
"","","Parabuteo unicinctus","Harris's Hawk","Gavilán Alicastaño","",NA,NA
"","","Geranoaetus albicaudatus","White-tailed Hawk","Gavilán Coliblanco (Gavilán Sabanero)","","White-tailed Hawk",NA
"","","Pseudastur albicollis","White Hawk","Gavilán Blanco","",NA,NA
"","","Leucopternis semiplumbeus","Semiplumbeous Hawk","Gavilán Dorsiplomizo","",NA,NA
"","","Buteo plagiatus","Gray Hawk","Gavilán Gris (Gavilán Pollero)","","Gray Hawk",NA
"","","Buteo nitidus","Gray-lined Hawk","Gavilán Gris Rayado (Gavilán Pollero)","",NA,NA
"","","Buteo platypterus","Broad-winged Hawk","Gavilán Aludo (Gavilán Pollero)","","Broad-winged Hawk",NA
"","","Buteo brachyurus","Short-tailed Hawk","Gavilán Colicorto","","Short-tailed Hawk",NA
"","","Buteo swainsoni","Swainson's Hawk","Gavilán de Swainson","","Swainson's Hawk",NA
"","","Buteo albonotatus","Zone-tailed Hawk","Gavilán Colifajeado","","Zone-tailed Hawk",NA
"","","Buteo jamaicensis","Red-tailed Hawk","Gavilán Colirrojo (Gavilán Valdivia)","",NA,NA
"Strigiformes","","","","","",NA,NA
"","Tytonidae","","","","",NA,NA
"","","Tyto alba","Barn Owl","Lechuza Ratonera (Lechuza de Campanario, Cara de Gato, Búho)","","Barn Owl",NA
"","Strigidae","","","","",NA,NA
"","","Megascops clarkii","Bare-shanked Screech-Owl","Lechucita Serranera (Estucurú o Sorococa)","",NA,NA
"","","Megascops choliba","Tropical Screech-Owl","Lechucita Neotropical (Estucurú o Sorococa)","",NA,NA
"","","Megascops guatemalae","Middle American Screech-Owl","Lechucita Vermiculada (Estucurú o Sorococa)","",NA,NA
"","","Megascops [forma sin describir]","Puntarenas Screech-Owl (forma sin describir)","Lechucita de Puntarenas","",NA,NA
"","","Megascops cooperi","Pacific Screech-Owl","Lechucita Sabanera (Ju de León, Estucurú o Sorococa)","","Pacific Screech-Owl",NA
"","","Lophostrix cristata","Crested Owl","Búho Penachudo","",NA,NA
"","","Pulsatrix perspicillata","Spectacled Owl","Búho de Anteojos (Oropopo)","","Spectacled Owl",NA
"","","Bubo virginianus","Great Horned Owl","Búho Grande","",NA,NA
"","","Glaucidium costaricanum","Costa Rican Pygmy-Owl","Mochuelo Montañero","",NA,NA
"","","Glaucidium griseiceps","Central American Pygmy-Owl","Mochuelo Enano","",NA,NA
"","","Glaucidium brasilianum","Ferruginous Pygmy-Owl","Mochuelo Común (Cuatro Ojos, Majafierro)","","Ferruginous Pygmy-Owl",NA
"","","Athene cunicularia","Burrowing Owl","Lechuza Llanera","",NA,NA
"","","Strix virgata","Mottled Owl","Lechuza Café (Ju de León)","","Mottled Owl",NA
"","","Strix nigrolineata","Black-and-white Owl","Lechuza Blanco y Negro","",NA,NA
"","","Asio clamator","Striped Owl","Búho Listado","",NA,NA
"","","Asio flammeus","Short-eared Owl","Lechuza Campestre","",NA,NA
"","","Aegolius ridgwayi","Unspotted Saw-whet Owl","Lechucita Parda (Lechucita de Alfaro)","",NA,NA
"Trogoniformes","","","","","",NA,NA
"","Trogonidae","","","","",NA,NA
"","","Pharomachrus mocinno","Resplendent Quetzal","Quetzal (Coludo)","",NA,NA
"","","Trogon clathratus","Lattice-tailed Trogon","Trogón Ojiblanco","",NA,NA
"","","Trogon massena","Slaty-tailed Trogon","Trogón Coliplomizo (Caicota)","",NA,NA
"","","Trogon melanocephalus","Black-headed Trogon","Trogón Cabecinegro (Viuda Amarilla)","","Black-headed Trogon",NA
"","","Trogon bairdii","Baird's Trogon","Trogón Vientribermejo","",NA,NA
"","","Trogon caligatus","Gartered Trogon","Trogón Violáceo","","Gartered Trogon",NA
"","","Trogon tenellus","Northern Black-throated Trogon","Trogón Cabeciverde","",NA,NA
"","","Trogon elegans","Elegant Trogon","Trogón Elegante (Viuda Roja)","","Elegant Trogon",NA
"","","Trogon collaris","Collared Trogon","Trogón Collarejo (Viuda Roja, Quetzal Macho)","",NA,NA
"Coraciiformes","","","","","",NA,NA
"","Momotidae","","","","",NA,NA
"","","Hylomanes momotula","Tody Motmot","Momoto Enano (Pájaro Bobo)","",NA,NA
"","","Momotus lessonii","Lesson’s Motmot","Momoto Coroniazul (Pájaro Bobo, Bobo Azul)","","Lesson’s Motmot",NA
"","","Baryphthengus martii","Rufous Motmot","Momoto Canelo Mayor (Pájaro Bobo)","",NA,NA
"","","Electron carinatum","Keel-billed Motmot","Momoto Pico Quilla (Pájaro Bobo)","",NA,NA
"","","Electron platyrhynchum","Broad-billed Motmot","Momoto Piquiancho (Pájaro Bobo)","",NA,NA
"","","Eumomota superciliosa","Turquoise-browed Motmot","Momoto Cejiceleste (Pájaro Bobo)","","Turquoise-browed Motmot",NA
"","Alcedinidae","","","","",NA,NA
"","","Megaceryle  torquata","Ringed Kingfisher","Martín Pescador Collarejo","","Ringed Kingfisher",NA
"","","Megaceryle alcyon","Belted Kingfisher","Martín Pescador Norteño","","Belted Kingfisher",NA
"","","Chloroceryle amazona","Amazon Kingfisher","Martín Pescador Amazónico","","Amazon Kingfisher",NA
"","","Chloroceryle aenea","American Pygmy Kingfisher","Martín Pescador Enano","","American Pygmy Kingfisher",NA
"","","Chloroceryle americana","Green Kingfisher","Martín Pescador Verde","","Green Kingfisher",NA
"","","Chloroceryle inda","Green-and-rufous Kingfisher","Martín Pescador Vientrirrufo","",NA,NA
"Piciformes","","","","","",NA,NA
"","Bucconidae","","","","",NA,NA
"","","Notharchus hyperrhynchus","White-necked Puffbird","Buco Collarejo","","White-necked Puffbird",NA
"","","Notharchus tectus","Pied Puffbird","Buco Pinto","",NA,NA
"","","Malacoptila panamensis","White-whiskered Puffbird","Buco Barbón","",NA,NA
"","","Micromonacha lanceolata","Lanceolated Monklet","Monjito Rayado","",NA,NA
"","","Monasa morphoeus","White-fronted Nunbird","Monja Frentiblanca (Julío)","",NA,NA
"","Galbulidae","","","","",NA,NA
"","","Galbula ruficauda","Rufous-tailed Jacamar","Jacamar Rabirrufo (Gorrión de Montaña)","",NA,NA
"","","Jacamerops aureus","Great Jacamar","Jacamar Grande","",NA,NA
"","Capitonidae","","","","",NA,NA
"","","Eubucco bourcierii","Red-headed Barbet","Barbudo Cabecirrojo (Ruano)","",NA,NA
"","Semnornithidae","","","","",NA,NA
"","","Semnornis frantzii","Prong-billed Barbet","Barbudo Cocora (Cocora, Carcareón)","",NA,NA
"","Ramphastidae","","","","",NA,NA
"","","Aulacorhynchus prasinus","Northern Emerald-Toucanet","Tucancillo Verde (Curré, Curré Verde)","",NA,NA
"","","Pteroglossus torquatus","Collared Aracari","Tucancillo Collarejo (Cusingo, Tití, Félix)","","Collared Aracari",NA
"","","Pteroglossus frantzii","Fiery-billed Aracari","Tucancillo Piquianaranjado (Cusingo, Cachis, Filí)","",NA,NA
"","","Selenidera spectabilis","Yellow-eared Toucanet","Tucancillo Orejiamarillo","",NA,NA
"","","Ramphastos ambiguus","Yellow-throated Toucan","Tucán Pico Castaño (Quioro, Dios te dé, Gran Curré Negro)","",NA,NA
"","","Ramphastos sulfuratus","Keel-billed Toucan","Tucán Pico Iris (Tucán Pico Arcoiris, Curré Negro)","","Keel-billed Toucan",NA
"","Picidae","","","","",NA,NA
"","","Picumnus olivaceus","Olivaceous Piculet","Carpinterito Oliváceo (Telegrafista)","",NA,NA
"","","Sphyrapicus varius","Yellow-bellied Sapsucker","Carpintero Bebedor","","Yellow-bellied Sapsucker",NA
"","","Melanerpes formicivorus","Acorn Woodpecker","Carpintero Careto (Payasito)","",NA,NA
"","","Melanerpes chrysauchen","Golden-naped Woodpecker","Capintero Nuquidorado","",NA,NA
"","","Melanerpes pucherani","Black-cheeked Woodpecker","Carpintero Carinegro","",NA,NA
"","","Melanerpes rubricapillus","Red-crowned Woodpecker","Carpintero Nuquirrojo","",NA,NA
"","","Melanerpes hoffmannii","Hoffmann's Woodpecker","Carpintero de Hoffmann","","Hoffmann's Woodpecker",NA
"","","Dryobates villosus","Hairy Woodpecker","Carpintero Serranero","",NA,NA
"","","Dryobates fumigatus","Smoky-brown Woodpecker","Carpintero Pardo","",NA,NA
"","","Dryobates kirkii","Red-rumped Woodpecker","Carpintero Lomirrojo","",NA,NA
"","","Campephilus guatemalensis","Pale-billed Woodpecker","Carpintero Picoplata (Dos Golpes, Carpintero Chiricano)","","Pale-billed Woodpecker",NA
"","","Dryocopus lineatus","Lineated Woodpecker","Carpintero Lineado","","Lineated Woodpecker",NA
"","","Celeus loricatus","Cinnamon Woodpecker","Carpintero Canelo","",NA,NA
"","","Celeus castaneus","Chestnut-colored Woodpecker","Carpintero Castaño","",NA,NA
"","","Piculus simplex","Rufous-winged Woodpecker","Carpintero Alirrufo","",NA,NA
"","","Colaptes rubiginosus","Golden-olive Woodpecker","Carpintero Verde Dorado","",NA,NA
"Falconiformes","","","","","",NA,NA
"","Falconidae","","","","",NA,NA
"","","Herpetotheres cachinnans","Laughing Falcon","Guaco","","Laughing Falcon",NA
"","","Micrastur semitorquatus","Collared Forest-Falcon","Halcón de Monte Collarejo","","Collared Forest-Falcon",NA
"","","Micrastur mirandollei","Slaty-backed Forest-Falcon","Halcón de Monte Dorsigrís","",NA,NA
"","","Micrastur ruficollis","Barred Forest-Falcon","Halcón de Monte Barreteado","",NA,NA
"","","Caracara plancus","Crested Caracara","Caracara Cargahuesos (Cargahuesos, Querque, Quebrantahuesos)","","Crested Caracara",NA
"","","Ibycter americanus","Red-throated Caracara","Caracara Avispera (Cacao, Come Cacao, Deslenguado)","",NA,NA
"","","Milvago chimachima","Yellow-headed Caracara","Caracara Cabecigualdo","","Yellow-headed Caracara",NA
"","","Falco sparverius","American Kestrel","Cernícalo Americano (Klis-Klis, Camaleón)","","American Kestrel",NA
"","","Falco columbarius","Merlin","Esmerejón","","Merlin",NA
"","","Falco femoralis","Aplomado Falcon","Halcón Aplomado","",NA,NA
"","","Falco rufigularis","Bat Falcon","Halcón Cuelliblanco","","Bat Falcon",NA
"","","Falco deiroleucus","Orange-breasted Falcon","Halcón Pechirrufo","",NA,NA
"","","Falco peregrinus","Peregrine Falcon","Halcón Peregrino","","Peregrine Falcon",NA
"Psittaciformes","","","","","",NA,NA
"","Psittacidae","","","","",NA,NA
"","","Touit costaricensis","Red-fronted Parrotlet","Periquito Alirrojo","",NA,NA
"","","Bolborhynchus lineola","Barred Parakeet","Perico Listado","",NA,NA
"","","Brotogeris jugularis","Orange-chinned Parakeet","Periquito Barbinaranja (Perico, Zapoyolito, Chimbolito, Catano)","","Orange-chinned Parakeet",NA
"","","Pyrilia haematotis","Brown-hooded Parrot","Loro Cabecipardo (Lora)","","Brown-hooded Parrot",NA
"","","Pionus menstruus","Blue-headed Parrot","Loro Cabeciazul (Chucuyo)","",NA,NA
"","","Pionus senilis","White-crowned Parrot","Loro Coroniblanco (Cotorra, Chucuyo)","",NA,NA
"","","Amazona autumnalis","Red-lored Parrot","Loro Frentirrojo (Lora Jupa Roja)","","Red-lored Parrot",NA
"","","Amazona auropalliata","Yellow-naped Parrot","Lora de Nuca Amarilla (Lora Jupa Amarilla)","","Yellow-naped Parrot",NA
"","","Amazona ochrocephala","Yellow-crowned Parrot","Lora Coroniamarilla","",NA,NA
"","","Amazona albifrons","White-fronted Parrot","Loro Frentiblanco (Cancan, Lora)","","White-fronted Parrot",NA
"","","Amazona farinosa","Mealy Parrot","Loro Verde (Lora Cabeza Negra, Lora Jupa Gris)","","Mealy Parrot",NA
"","","Pyrrhura hoffmanni","Sulphur-winged Parakeet","Perico Aliazufrado","",NA,NA
"","","Eupsittula nana","Olive-throated Parakeet","Perico Azteco","",NA,NA
"","","Eupsittula canicularis","Orange-fronted Parakeet","Perico Frentinaranja (Catano, Periquito, Zapoyol)","","Orange-fronted Parakeet",NA
"","","Eupsittula pertinax","Brown-throated Parakeet","Perico Gorgicafé","",NA,NA
"","","Ara ambiguus","Great Green Macaw","Guacamayo Verde Mayor (Lapa Verde)","",NA,NA
"","","Ara macao","Scarlet Macaw","Guacamayo Rojo (Lapa Roja, Lapa Colorada)","",NA,NA
"","","Psittacara finschi","Crimson-fronted Parakeet","Perico Frentirrojo (Cotorra, Chucuyo, Perico Colilarga o de Palmera)","",NA,NA
"Passeriformes","","","","","",NA,NA
"","Thamnophilidae","","","","",NA,NA
"","","Euchrepomis callinota","Rufous-rumped Antwren","Hormiguerito Lomirrufo","",NA,NA
"","","Cymbilaimus lineatus","Fasciated Antshrike","Batará Lineado","",NA,NA
"","","Taraba major","Great Antshrike","Batará Grande","",NA,NA
"","","Thamnophilus doliatus","Barred Antshrike","Batará Barreteado","","Barred Antshrike",NA
"","","Thamnophilus atrinucha","Black-crowned Antshrike","Batará Plomizo","","Black-crowned Antshrike",NA
"","","Thamnophilus atrinucha","Black-crowned Antshrike","Batará Plomizo","","Black-crowned Antshrike",NA
"","","Thamnophilus bridgesi","Black-hooded Antshrike","Batará Negruzco","",NA,NA
"","","Thamnistes anabatinus","Russet Antshrike","Batará Café","",NA,NA
"","","Dysithamnus mentalis","Plain Antvireo","Batarito Cabecigrís","",NA,NA
"","","Dysithamnus striaticeps","Streak-crowned Antvireo","Batarito Pechirrayado","",NA,NA
"","","Dysithamnus puncticeps","Spot-crowned Antvireo","Batarito Cabecipunteado","",NA,NA
"","","Epinecrophylla fulviventris","Checker-throated Stipplethroat","Hormiguerito Café","",NA,NA
"","","Myrmotherula axillaris","White-flanked Antwren","Hormiguerito Flanquiblanco","",NA,NA
"","","Myrmotherula schisticolor","Slaty Antwren","Hormiguerito Pizarroso","",NA,NA
"","","Microrhopias quixensis","Dot-winged Antwren","Hormiguerito Alipunteado","",NA,NA
"","","Cercomacroides tyrannina","Dusky Antbird","Hormiguero Negruzco","",NA,NA
"","","Gymnocichla nudiceps","Bare-crowned Antbird","Hormiguero Calvo","",NA,NA
"","","Poliocrania exsul","Chestnut-backed Antbird","Hormiguero Dorsicastaño","",NA,NA
"","","Sipia laemosticta","Dull-mantled Antbird","Hormiguero Alimaculado","",NA,NA
"","","Hafferia zeledoni","Zeledon's Antbird","Hormiguero de Zeledón","",NA,NA
"","","Gymnopithys bicolor","Bicolored Antbird","Hormiguero Bicolor","",NA,NA
"","","Hylophylax naevioides","Spotted Antbird","Hormiguero Moteado","",NA,NA
"","","Phaenostictus mcleannani","Ocellated Antbird","Hormiguero Ocelado","",NA,NA
"","Conopophagidae","","","","",NA,NA
"","","Pittasoma michleri","Black-crowned Antpitta","Tororoi Pechiescamoso (Hormiguero)","",NA,NA
"","Grallariidae","","","","",NA,NA
"","","Grallaria guatimalensis","Scaled Antpitta","Tororoi Dorsiescamado (Hormiguero)","",NA,NA
"","","Hylopezus perspicillatus","Streak-chested Antpitta","Tororoi Pechilistado (Hormiguero)","",NA,NA
"","","Myrmothera dives","Thicket Antpitta","Tororoi Pechicanelo (Hormiguero)","",NA,NA
"","","Grallaricula flavirostris","Ochre-breasted Antpitta","Tororoi Piquigualdo (Hormiguero)","",NA,NA
"","Rhinocryptidae","","","","",NA,NA
"","","Scytalopus argentifrons","Silvery-fronted Tapaculo","Tapaculo Frentiplateado","",NA,NA
"","Formicariidae","","","","",NA,NA
"","","Formicarius analis","Black-faced Antthrush","Gallito Hormiguero Carinegro","",NA,NA
"","","Formicarius nigricapillus","Black-headed Antthrush","Gallito Hormiguero Cabecinegro","",NA,NA
"","","Formicarius rufipectus","Rufous-breasted Antthrush","Gallito Hormiguero Pechicastaño","",NA,NA
"","Furnariidae","","","","",NA,NA
"","","Sclerurus mexicanus","Middle American Leaftosser","Tirahojas Pechirrufo","",NA,NA
"","","Sclerurus guatemalensis","Scaly-throated Leaftosser","Tirahojas Barbiescamado","",NA,NA
"","","Sclerurus albigularis","Gray-throated Leaftosser","Tirahojas Gargantigrís","",NA,NA
"","","Sittasomus griseicapillus","Olivaceous Woodcreeper","Trepadorcito Aceitunado","","Olivaceous Woodcreeper",NA
"","","Deconychura longicauda","Long-tailed Woodcreeper","Trepador Delgado","",NA,NA
"","","Dendrocincla homochroa","Ruddy Woodcreeper","Trepador Rojizo","","Ruddy Woodcreeper",NA
"","","Dendrocincla anabatina","Tawny-winged Woodcreeper","Trepador Alirrubio","",NA,NA
"","","Dendrocincla fuliginosa","Plain-brown Woodcreeper","Trepador Pardo","",NA,NA
"","","Glyphorynchus spirurus","Wedge-billed Woodcreeper","Trepadorcito Pico de Cuña","",NA,NA
"","","Dendrocolaptes sanctithomae","Northern Barred-Woodcreeper","Trepador Barreteado","","Northern Barred-Woodcreeper",NA
"","","Dendrocolaptes picumnus","Black-banded Woodcreeper","Trepador Vientribarreteado","",NA,NA
"","","Xiphocolaptes promeropirhynchus","Strong-billed Woodcreeper","Trepador Gigante","",NA,NA
"","","Xiphorhynchus susurrans","Cocoa Woodcreeper","Trepador Gorgianteado","",NA,NA
"","","Xiphorhynchus flavigaster","Ivory-billed Woodcreeper","Trepador Piquiclaro","","Ivory-billed Woodcreeper",NA
"","","Xiphorhynchus lachrymosus","Black-striped Woodcreeper","Trepador Pinto (Relinchero)","",NA,NA
"","","Xiphorhynchus erythropygius","Spotted Woodcreeper","Trepador Manchado","",NA,NA
"","","Campylorhamphus pusillus","Brown-billed Scythebill","Trepador Pico de Hoz","",NA,NA
"","","Lepidocolaptes souleyetii","Streak-headed Woodcreeper","Trepador Cabecirrayado","","Streak-headed Woodcreeper",NA
"","","Lepidocolaptes affinis","Spot-crowned Woodcreeper","Trepador Cabecipunteado","",NA,NA
"","","Xenops minutus","Plain Xenops","Xenops Común","","Plain Xenops",NA
"","","Xenops rutilans","Streaked Xenops","Xenops Rayado","",NA,NA
"","","Pseudocolaptes lawrencii","Buffy Tuftedcheek","Trepamusgo Cachetón","",NA,NA
"","","Anabacerthia variegaticeps","Scaly-throated Foliage-gleaner","Trepamusgo de Anteojos","",NA,NA
"","","Syndactyla subalaris","Lineated Foliage-gleaner","Trepamusgo Lineado","",NA,NA
"","","Dendroma rufa","Buff-fronted Foliage-gleaner","Trepamusgo Rojizo","",NA,NA
"","","Clibanornis rubiginosus","Ruddy Foliage-gleaner","Hojarrasquero Rojizo","",NA,NA
"","","Thripadectes rufobrunneus","Streak-breasted Treehunter","Trepamusgo Cuellirojizo","",NA,NA
"","","Automolus cervinigularis","Fawn-throated Foliage-gleaner","Hojarrasquero Gorgianteado","",NA,NA
"","","Automolus exsertus","Chiriqui Foliage-gleaner","Hojarrasquero de Chiriquí","",NA,NA
"","","Automolus virgatus","Western Woodhaunter","Trepamusgo Rayado","",NA,NA
"","","Premnoplex brunnescens","Spotted Barbtail","Subepalo Moteado","",NA,NA
"","","Margarornis rubiginosus","Ruddy Treerunner","Subepalo Rojizo (Chupamusgo)","",NA,NA
"","","Cranioleuca erythrops","Red-faced Spinetail","Colaespina Carirroja","",NA,NA
"","","Synallaxis brachyura","Slaty Spinetail","Arquitecto Plomizo","",NA,NA
"","","Synallaxis albescens","Pale-breasted Spinetail","Arquitecto Güitío","",NA,NA
"","Pipridae","","","","",NA,NA
"","","Chiroxiphia lanceolata","Lance-tailed Manakin","Saltarín Coludo (Toledo)","",NA,NA
"","","Chiroxiphia linearis","Long-tailed Manakin","Saltarín Toledo (Toledo)","","Long-tailed Manakin",NA
"","","Corapipo altera","White-ruffed Manakin","Saltarín Gorgiblanco","",NA,NA
"","","Lepidothrix velutina","Velvety Manakin","Saltarín Coroniceleste","",NA,NA
"","","Manacus candei","White-collared Manakin","Saltarín Cuelliblanco (Quiebrapalos, Quiebraramas, Bailarín)","",NA,NA
"","","Manacus aurantiacus","Orange-collared Manakin","Saltarín Cuellinaranja (Quiebrapalos, Hombrecillo)","",NA,NA
"","","Pseudopipra pipra","White-crowned Manakin","Saltarín Coroniblanco","",NA,NA
"","","Ceratopipra mentalis","Red-capped Manakin","Saltarín Cabecirrojo","",NA,NA
"","Cotingidae","","","","",NA,NA
"","","Querula purpurata","Purple-throated Fruitcrow","Querula Gorgimorada","",NA,NA
"","","Cephalopterus glabricollis","Bare-necked Umbrellabird","Pájaro-sombrilla Cuellinudo (Pájaro Danta)","",NA,NA
"","","Cotinga amabilis","Lovely Cotinga","Cotinga Linda","",NA,NA
"","","Cotinga ridgwayi","Turquoise Cotinga","Cotinga Turquesa","",NA,NA
"","","Lipaugus unirufus","Rufous Piha","Piha Rojiza","",NA,NA
"","","Procnias tricarunculatus","Three-wattled Bellbird","Campanero Tricarunculado (Pájaro Campana, Rin-Ran, Calandria)","",NA,NA
"","","Carpodectes antoniae","Yellow-billed Cotinga","Cotinga Piquiamarillo","",NA,NA
"","","Carpodectes nitidus","Snowy Cotinga","Cotinga Blanca","",NA,NA
"","Tityridae","","","","",NA,NA
"","","Tityra inquisitor","Black-crowned Tityra","Tityra Coroninegra (Pájaro Chancho)","",NA,NA
"","","Tityra semifasciata","Masked Tityra","Tityra Carirroja (Pájaro Chancho, Calandria)","","Masked Tityra",NA
"","","Schiffornis veraepacis","Northern Schiffornis","Tordo-saltarín","",NA,NA
"","","Laniocera rufescens","Speckled Mourner","Plañidera Moteada","",NA,NA
"","","Pachyramphus versicolor","Barred Becard","Cabezón Ondeado","",NA,NA
"","","Pachyramphus cinnamomeus","Cinnamon Becard","Cabezón Canelo","","Cinnamon Becard",NA
"","","Pachyramphus polychopterus","White-winged Becard","Cabezón Aliblanco","","White-winged Becard",NA
"","","Pachyramphus albogriseus","Black-and-white Becard","Cabezón Cejiblanco","",NA,NA
"","","Pachyramphus aglaiae","Rose-throated Becard","Cabezón Plomizo","","Rose-throated Becard",NA
"","Oxyruncidae","","","","",NA,NA
"","","Oxyruncus cristatus","Sharpbill","Picoagudo","",NA,NA
"","","Onychorhynchus coronatus","Tropical Royal Flycatcher","Mosquero Real","","Tropical Royal Flycatcher",NA
"","","Terenotriccus erythrurus","Ruddy-tailed Flycatcher","Mosquerito Colirrufo","",NA,NA
"","","Myiobius sulphureipygius","Sulphur-rumped Flycatcher","Mosquerito Lomiamarillo","",NA,NA
"","","Myiobius atricaudus","Black-tailed Flycatcher","Mosquerito Colinegro","",NA,NA
"","Tyrannidae","","","","",NA,NA
"","","Piprites griseiceps","Gray-headed Piprites","Saltarín Cabecigrís","",NA,NA
"","","Platyrinchus cancrominus","Stub-tailed Spadebill","Piquichato Norteño","","Stub-tailed Spadebill",NA
"","","Platyrinchus mystaceus","White-throated Spadebill","Piquichato Gargantiblanco","",NA,NA
"","","Platyrinchus coronatus","Golden-crowned Spadebill","Piquichato Coronirrufo","",NA,NA
"","","Mionectes olivaceus","Olive-streaked Flycatcher","Mosquerito Ojimanchado (Tontillo)","",NA,NA
"","","Mionectes oleagineus","Ochre-bellied Flycatcher","Mosquerito Aceitunado (Tontillo)","","Ochre-bellied Flycatcher",NA
"","","Leptopogon amaurocephalus","Sepia-capped Flycatcher","Mosquerito Cabecipardo","",NA,NA
"","","Leptopogon superciliaris","Slaty-capped Flycatcher","Mosquerito Orejinegro","",NA,NA
"","","Phylloscartes superciliaris","Rufous-browed Tyrannulet","Mosquerito Cejirrufo","",NA,NA
"","","Myiornis atricapillus","Black-capped Pygmy-Tyrant","Mosquerito Colicorto","",NA,NA
"","","Lophotriccus pileatus","Scale-crested Pygmy-Tyrant","Mosquerito de Yelmo","",NA,NA
"","","Oncostoma cinereigulare","Northern Bentbill","Piquitorcido Norteño (Brujita)","","Northern Bentbill",NA
"","","Poecilotriccus sylvia","Slate-headed Tody-Flycatcher","Espatulilla Cabecigrís","","Slate-headed Tody-Flycatcher",NA
"","","Todirostrum cinereum","Common Tody-Flycatcher","Espatulilla Común (Espatulilla, Mantequillilla)","","Common Tody-Flycatcher",NA
"","","Todirostrum nigriceps","Black-headed Tody-Flycatcher","Espatulilla Cabecinegra","",NA,NA
"","","Rhynchocyclus brevirostris","Eye-ringed Flatbill","Piquiplano de Anteojos","",NA,NA
"","","Tolmomyias sulphurescens","Yellow-olive Flatbill","Piquiplano Azufrado","","Yellow-olive Flatbill",NA
"","","Tolmomyias flavotectus","Yellow-winged Flatbill","Piquiplano Aliamarillo","",NA,NA
"","","Ornithion semiflavum","Yellow-bellied Tyrannulet","Mosquerito Cejiblanco","",NA,NA
"","","Ornithion brunneicapillus","Brown-capped Tyrannulet","Mosquerito Gorricafé","",NA,NA
"","","Camptostoma imberbe","Northern Beardless-Tyrannulet","Mosquerito Chillón","","Northern Beardless-Tyrannulet",NA
"","","Camptostoma obsoletum","Southern Beardless-Tyrannulet","Mosquerito Silbador","",NA,NA
"","","Nesotriccus incomtus","Northern Mouse-colored Tyrannulet","Mosquerito Cafecito","",NA,NA
"","","Nesotriccus ridgwayi","Cocos Flycatcher","Mosquerito de la Isla del Coco","",NA,NA
"","","Capsiempis flaveola","Yellow Tyrannulet","Mosquerito Amarillo","",NA,NA
"","","Tyrannulus elatus","Yellow-crowned Tyrannulet","Mosquerito Coroniamarillo","",NA,NA
"","","Myiopagis viridicata","Greenish Elaenia","Elainia Verdosa (Tontillo)","","Greenish Elaenia",NA
"","","Elaenia flavogaster","Yellow-bellied Elaenia","Elainia Copetona (Tontillo, Bobillo, Copetoncillo)","","Yellow-bellied Elaenia",NA
"","","Elaenia chiriquensis","Lesser Elaenia","Elainia Sabanera (Tontillo)","",NA,NA
"","","Elaenia frantzii","Mountain Elaenia","Elainia Montañera (Tontillo, Bobillo)","",NA,NA
"","","Serpophaga cinerea","Torrent Tyrannulet","Mosquerito Guardarrios","",NA,NA
"","","Phyllomyias zeledoni","White-fronted Tyrannulet","Mosquerito Frentiblanco","",NA,NA
"","","Zimmerius parvus","Mistletoe Tyrannulet","Mosquerito Cejigrís","","Mistletoe Tyrannulet",NA
"","","Myiophobus fasciatus","Bran-colored Flycatcher","Mosquerito Pechirrayado","",NA,NA
"","","Aphanotriccus capitalis","Tawny-chested Flycatcher","Mosquerito Pechileonado","",NA,NA
"","","Mitrephanes phaeocercus","Tufted Flycatcher","Mosquerito Moñudo","",NA,NA
"","","Contopus cooperi","Olive-sided Flycatcher","Pibí Boreal (Tontillo)","","Olive-sided Flycatcher",NA
"","","Contopus ochraceus","Ochraceous Pewee","Pibí Ocráceo (Tontillo)","",NA,NA
"","","Contopus lugubris","Dark Pewee","Pibí Sombrío (Tontillo)","","Dark Pewee",NA
"","","Contopus sordidulus","Western Wood-Pewee","Pibí Occidental (Tontillo, Piguí)","","Western Wood-Pewee",NA
"","","Contopus bogotensis","Northern Tropical Pewee","Pibí Tropical (Tontillo, Piguí)","","Northern Tropical Pewee",NA
"","","Contopus virens","Eastern Wood-Pewee","Pibí Oriental (Tontillo, Piguí)","","Eastern Wood-Pewee",NA
"","","Empidonax flaviventris","Yellow-bellied Flycatcher","Mosquerito Vientriamarillo","","Yellow-bellied Flycatcher",NA
"","","Empidonax virescens","Acadian Flycatcher","Mosquerito Verdoso","","Acadian Flycatcher",NA
"","","Empidonax alnorum","Alder Flycatcher","Mosquerito de Charral","","Alder Flycatcher",NA
"","","Empidonax traillii","Willow Flycatcher","Mosquerito de Traill","","Willow Flycatcher",NA
"","","Empidonax albigularis","White-throated Flycatcher","Mosquerito Gargantiblanco","",NA,NA
"","","Empidonax minimus","Least Flycatcher","Mosquerito Chebec","",NA,NA
"","","Empidonax flavescens","Yellowish Flycatcher","Mosquerito Amarillento","",NA,NA
"","","Empidonax atriceps","Black-capped Flycatcher","Mosquerito Cabecinegro","",NA,NA
"","","Sayornis nigricans","Black Phoebe","Mosquero de Agua","",NA,NA
"","","Sayornis phoebe","Eastern Phoebe","Mosquero Fibí","",NA,NA
"","","Sublegatus arenarum","Northern Scrub-Flycatcher","Mosquero Gorgigrís","",NA,NA
"","","Pyrocephalus rubinus","Vermilion Flycatcher","Mosquerito Rojo","",NA,NA
"","","Colonia colonus","Long-tailed Tyrant","Mosquero Coludo","",NA,NA
"","","Attila spadiceus","Bright-rumped Attila","Atila Lomiamarilla","","Bright-rumped Attila",NA
"","","Rhytipterna holerythra","Rufous Mourner","Plañidera Rojiza","","Rufous Mourner",NA
"","","Myiarchus tuberculifer","Dusky-capped Flycatcher","Copetón Crestioscuro (Tontillo)","","Dusky-capped Flycatcher",NA
"","","Myiarchus panamensis","Panama Flycatcher","Copetón Colipardo (Tontillo)","",NA,NA
"","","Myiarchus cinerascens","Ash-throated Flycatcher","Copetón Garganticeniza (Tontillo)","",NA,NA
"","","Myiarchus nuttingi","Nutting's Flycatcher","Copetón de Nutting (Tontillo)","","Nutting's Flycatcher",NA
"","","Myiarchus crinitus","Great Crested Flycatcher","Copetón Viajero (Tontillo)","","Great Crested Flycatcher",NA
"","","Myiarchus tyrannulus","Brown-crested Flycatcher","Copetón Crestipardo (Tontillo)","","Brown-crested Flycatcher",NA
"","","Philohydor lictor","Lesser Kisdadee","Bienteveo Menor","",NA,NA
"","","Pitangus sulphuratus","Great Kiskadee","Bienteveo Grande (Cristo Fue, Pecho Amarillo)","","Great Kiskadee",NA
"","","Megarynchus pitangua","Boat-billed Flycatcher","Mosquerón Picudo (Pecho Amarillo)","","Boat-billed Flycatcher",NA
"","","Myiozetetes cayanensis","Rusty-margined Flycatcher","Mosquero Alicastaño (Pecho Amarillo)","",NA,NA
"","","Myiozetetes similis","Social Flycatcher","Mosquero Cejiblanco (Pecho Amarillo)","","Social Flycatcher",NA
"","","Myiozetetes granadensis","Gray-capped Flycatcher","Mosquero Cabecigrís (Pecho Amarillo)","",NA,NA
"","","Conopias albovittatus","White-ringed Flycatcher","Mosquero Cabecianillado (Pecho Amarillo)","",NA,NA
"","","Myiodynastes hemichrysus","Golden-bellied Flycatcher","Mosquero Vientridorado (Pecho Amarillo)","",NA,NA
"","","Myiodynastes maculatus","Streaked Flycatcher","Mosquero Listado (Pecho Amarillo)","","Streaked Flycatcher",NA
"","","Myiodynastes luteiventris","Sulphur-bellied Flycatcher","Mosquero Vientriazufrado (Pecho Amarillo)","","Sulphur-bellied Flycatcher",NA
"","","Legatus leucophaius","Piratic Flycatcher","Mosquero Pirata (Pecho Amarillo)","","Piratic Flycatcher",NA
"","","Tyrannus melancholicus","Tropical Kingbird","Tirano Tropical (Pecho Amarillo)","","Tropical Kingbird",NA
"","","Tyrannus verticalis","Western Kingbird","Tirano Occidental (Pecho Amarillo)","","Western Kingbird",NA
"","","Tyrannus tyrannus","Eastern Kingbird","Tirano Norteño (Viuda Negra)","",NA,NA
"","","Tyrannus dominicensis","Gray Kingbird","Tirano Gris","",NA,NA
"","","Tyrannus forficatus","Scissor-tailed Flycatcher","Tijereta Rosada (Tijerilla)","","Scissor-tailed Flycatcher",NA
"","","Tyrannus savana","Fork-tailed Flycatcher","Tijereta Sabanera (Tijerilla)","",NA,NA
"","Vireonidae","","","","",NA,NA
"","","Cyclarhis gujanensis","Rufous-browed Peppershrike","Vireón Cejirrufo","","Rufous-browed Peppershrike",NA
"","","Hylophilus flavipes","Scrub Greenlet","Verdillo Matorralero","",NA,NA
"","","Vireolanius pulchellus","Green Shrike-Vireo","Vireón Esmeraldino","",NA,NA
"","","Tunchiornis ochraceiceps","Tawny-crowned Greenlet","Verdillo Leonado","",NA,NA
"","","Pachysylvia decurtata","Lesser Greenlet","Verdillo Menudo","","Lesser Greenlet",NA
"","","Vireo griseus","White-eyed Vireo","Vireo Ojiblanco","",NA,NA
"","","Vireo pallens","Mangrove Vireo","Vireo de Manglar","","Mangrove Vireo",NA
"","","Vireo flavifrons","Yellow-throated Vireo","Vireo Pechiamarillo","","Yellow-throated Vireo",NA
"","","Vireo carmioli","Yellow-winged Vireo","Vireo Aliamarillo","",NA,NA
"","","Vireo solitarius","Blue-headed Vireo","Vireo Solitario","",NA,NA
"","","Vireo philadelphicus","Philadelphia Vireo","Vireo Amarillento","","Philadelphia Vireo",NA
"","","Vireo gilvus","Warbling Vireo","Vireo Canoro","",NA,NA
"","","Vireo leucophrys","Brown-capped Vireo","Vireo Montañero","",NA,NA
"","","Vireo olivaceus","Red-eyed Vireo","Vireo Ojirrojo (Chiguisa)","","Red-eyed Vireo",NA
"","","Vireo flavoviridis","Yellow-green Vireo","Vireo Cabecigrís (Chiguisa, Chuesa, Cazadora, Fraile)","","Yellow-green Vireo",NA
"","","Vireo altiloquus","Black-whiskered Vireo","Vireo Bigotudo","",NA,NA
"","Corvidae","","","","",NA,NA
"","","Cyanolyca argentigula","Silvery-throated Jay","Urraca Gorgiplateada","",NA,NA
"","","Cyanolyca cucullata","Azure-hooded Jay","Urraca de Toca Celeste (Piapia de Montaña)","",NA,NA
"","","Calocitta formosa","White-throated Magpie-Jay","Urraca Copetona (Urraca, Piapia Azul)","","White-throated Magpie-Jay",NA
"","","Psilorhinus morio","Brown Jay","Urraca Parda (Piapia)","",NA,NA
"","","Cyanocorax affinis","Black-chested Jay","Urraca Pechinegra","",NA,NA
"","Hirundinidae","","","","",NA,NA
"","","Riparia riparia","Bank Swallow","Golondrina Ribereña","","Bank Swallow",NA
"","","Tachycineta bicolor","Tree Swallow","Golondrina Bicolor","",NA,NA
"","","Tachycineta albilinea","Mangrove Swallow","Golondrina Lomiblanca","","Mangrove Swallow",NA
"","","Tachycineta thalassina","Violet-green Swallow","Golondrina Verdiviolácea","",NA,NA
"","","Progne subis","Purple Martin","Martín Purpúrea (Golondrón)","",NA,NA
"","","Progne chalybea","Gray-breasted Martin","Martín Pechigrís","","Gray-breasted Martin",NA
"","","Progne elegans","Southern Martin","Martín Sureño","",NA,NA
"","","Progne tapera","Brown-chested Martin","Martín de Ríos (Golondrina)","",NA,NA
"","","Stelgidopteryx serripennis","Northern Rough-winged Swallow","Golondrina Alirrasposa Norteña","","Northern Rough-winged Swallow",NA
"","","Stelgidopteryx ruficollis","Southern Rough-winged Swallow","Golondrina Alirrasposa Sureña","","Southern Rough-winged Swallow",NA
"","","Pygochelidon cyanoleuca","Blue-and-white Swallow","Golondrina Azul y Blanco","",NA,NA
"","","Hirundo rustica","Barn Swallow","Golondrina Tijereta","","Barn Swallow",NA
"","","Petrochelidon pyrrhonota","Cliff Swallow","Golondrina Risquera","",NA,NA
"","","Petrochelidon fulva","Cave Swallow","Golondrina Cavernícola","",NA,NA
"","Polioptilidae","","","","",NA,NA
"","","Microbates cinereiventris","Tawny-faced Gnatwren","Soterillo Caricafé","",NA,NA
"","","Ramphocaenus melanurus","Long-billed Gnatwren","Soterillo Picudo","","Long-billed Gnatwren",NA
"","","Polioptila bilineata","White-browed Gnatcatcher","Perlita Frentiblanca (Espatulilla, Cazadora)","","White-browed Gnatcatcher",NA
"","","Polioptila albiloris","White-lored Gnatcatcher","Perlita Cabecinegra (Espatulilla, Cazadora)","","White-lored Gnatcatcher",NA
"","Troglodytidae","","","","",NA,NA
"","","Salpinctes obsoletus","Rock Wren","Soterrey Roquero","",NA,NA
"","","Microcerculus philomela","Nightingale Wren","Soterrey Ruiseñor","",NA,NA
"","","Microcerculus marginatus","Scaly-breasted Wren","Soterrey Silbador","",NA,NA
"","","Troglodytes aedon","House Wren","Soterrey Cucarachero (Soterrey, Soterré)","","House Wren",NA
"","","Troglodytes aedon","House Wren","Soterrey Cucarachero (Soterrey, Soterré)","","House Wren",NA
"","","Troglodytes ochraceus","Ochraceous Wren","Soterrey Ocroso","",NA,NA
"","","Thryorchilus browni","Timberline Wren","Soterrey del Bambú","",NA,NA
"","","Cistothorus platensis","Grass Wren","Soterrey Sabanero (Guachipelín)","",NA,NA
"","","Campylorhynchus zonatus","Band-backed Wren","Soterrey Matraquero","",NA,NA
"","","Campylorhynchus rufinucha","Rufous-naped Wren","Soterrey Nuquirrufo (Chico Piojo, Botijón, Salta Piñuela)","","Rufous-naped Wren",NA
"","","Pheugopedius fasciatoventris","Black-bellied Wren","Soterrey Vientrinegro","",NA,NA
"","","Pheugopedius rutilus","Rufous-breasted Wren","Soterrey Carimoteado","",NA,NA
"","","Pheugopedius maculipectus","Spot-breasted Wren","Soterrey Pechimoteado","",NA,NA
"","","Pheugopedius atrogularis","Black-throated Wren","Soterrey Gorginegro","",NA,NA
"","","Thryophilus pleurostictus","Banded Wren","Soterrey de Costillas Barreteadas","","Banded Wren",NA
"","","Thryophilus rufalbus","Rufous-and-white Wren","Soterrey Rufo y Blanco","","Rufous-and-white Wren",NA
"","","Cantorchilus thoracicus","Stripe-breasted Wren","Soterrey Pechirrayado","",NA,NA
"","","Cantorchilus modestus","Cabanis’s Wren","Soterrey Chinchirigüí (Huevos Blancos)","","Cabanis’s Wren",NA
"","","Cantorchilus zeledoni","Canebrake Wren","Soterrey de Zeledón","",NA,NA
"","","Cantorchilus elutus","Isthmian Wren","Soterrey de Panamá","",NA,NA
"","","Cantorchilus semibadius","Riverside Wren","Soterrey Pechibarreteado","",NA,NA
"","","Cantorchilus nigricapillus","Bay Wren","Soterrey Castaño","",NA,NA
"","","Henicorhina leucosticta","White-breasted Wood-Wren","Soterrey de Selva Pechiblanco","",NA,NA
"","","Henicorhina leucophrys","Gray-breasted Wood-Wren","Soterrey de Selva Pechigrís","",NA,NA
"","","Cyphorhinus phaeocephalus","Song Wren","Soterrey Canoro","",NA,NA
"","Cinclidae","","","","",NA,NA
"","","Cinclus mexicanus","American Dipper","Mirlo Acuático Plomizo","",NA,NA
"","Mimidae","","","","",NA,NA
"","","Dumetella carolinensis","Gray Catbird","Pájaro-gato Gris","",NA,NA
"","","Mimus gilvus","Tropical Mockingbird","Pájaro-imitador Tropical","",NA,NA
"","Turdidae","","","","",NA,NA
"","","Myadestes melanops","Black-faced Solitaire","Solitario Carinegro (Jilguero)","",NA,NA
"","","Catharus gracilirostris","Black-billed Nightingale-Thrush","Zorzal Piquinegro (Cuitiento)","",NA,NA
"","","Catharus aurantiirostris","Orange-billed Nightingale-Thrush","Zorzal Piquianaranjado (Jilguerillo de Charral, Inglesito)","","Orange-billed Nightingale-Thrush",NA
"","","Catharus fuscater","Slaty-backed Nightingale-Thrush","Zorzal Sombrío (Arremedón, Arremendado, Jilguerillo)","",NA,NA
"","","Catharus frantzii","Ruddy-capped Nightingale-Thrush","Zorzal Gorrirojizo (Jilguerillo de Montaña, Jilguerillo de Ronda)","",NA,NA
"","","Catharus mexicanus","Black-headed Nightingale-Thrush","Zorzal Cabecinegro","",NA,NA
"","","Catharus fuscescens","Veery","Zorzal Dorsirrojizo (Conchita)","",NA,NA
"","","Catharus minimus","Gray-cheeked Thrush","Zorzal Carigrís (Conchita)","",NA,NA
"","","Catharus ustulatus","Swainson's Thrush","Zorzal de Swainson (Conchita)","","Swainson's Thrush",NA
"","","Hylocichla mustelina","Wood Thrush","Zorzal del Bosque","","Wood Thrush",NA
"","","Turdus plebejus","Mountain Thrush","Mirlo Montañero (Yigüirro de Montaña)","",NA,NA
"","","Turdus obsoletus","Pale-vented Thrush","Mirlo Vientriblanco (Yigüirro de Montaña)","",NA,NA
"","","Turdus assimilis","White-throated Thrush","Mirlo Gorgiblanco (Yigüirro Collarejo, Yigüirro de Montaña)","",NA,NA
"","","Turdus grayi","Clay-colored Thrush","Mirlo Pardo (Yigüirro)","","Clay-colored Thrush",NA
"","","Turdus nigrescens","Sooty Thrush","Mirlo Negruzco (Yigüirro Escarchero, Escarchado)","",NA,NA
"","Bombycillidae","","","","",NA,NA
"","","Bombycilla cedrorum","Cedar Waxwing","Ampelis Americano (Jilguero Chino)","",NA,NA
"","Ptiliogonatidae","","","","",NA,NA
"","","Phainoptila melanoxantha","Black-and-yellow Silky-flycatcher","Capulinero Negro y Amarillo (Comemoras)","",NA,NA
"","","Ptiliogonys caudatus","Long-tailed Silky-flycatcher","Capulinero Colilargo (Pitorreal, Timbre, Coronel)","",NA,NA
"","Estrildidae","","","","",NA,NA
"","","Lonchura malacca","Tricolored Munia","Monjita Tricolor","","Tricolored Munia",NA
"","Passeridae","","","","",NA,NA
"","","Passer domesticus","House Sparrow","Gorrión Común (Electricista)","",NA,NA
"","Motacillidae","","","","",NA,NA
"","","Anthus rubescens","American Pipit","Bisbita Americana","",NA,NA
"","Fringillidae","","","","",NA,NA
"","","Chlorophonia elegantissima","Elegant Euphonia","Clorofonia Capuchiceleste (Agüío, Monjita, Caciquita)","",NA,NA
"","","Chlorophonia callophrys","Golden-browed Chlorophonia","Clorofonia Cejidorada (Rualdo, Rey de Rualdo)","",NA,NA
"","","Euphonia affinis","Scrub Euphonia","Eufonia Gargantinegra (Finito, Agüío, Monjita Fina)","","Scrub Euphonia",NA
"","","Euphonia luteicapilla","Yellow-crowned Euphonia","Eufonia Coroniamarilla (Monjita, Agüío)","","Yellow-crowned Euphonia",NA
"","","Euphonia minuta","White-vented Euphonia","Eufonia Menuda (Finito Canario, Canarito, Canaria, Agüio)","",NA,NA
"","","Euphonia hirundinacea","Yellow-throated Euphonia","Eufonia Gorgiamarilla (Agüío, Caciquita)","","Yellow-throated Euphonia",NA
"","","Euphonia laniirostris","Thick-billed Euphonia","Eufonia Piquigruesa (Agüío)","",NA,NA
"","","Euphonia imitans","Spot-crowned Euphonia","Eufonia Vientrirrojiza (Agüío Barranquillo)","",NA,NA
"","","Euphonia gouldi","Olive-backed Euphonia","Eufonia Olivácea (Agüío, Barranquillo, Culo Rojo, Güere)","",NA,NA
"","","Euphonia anneae","Tawny-capped Euphonia","Eufonia Gorricanela (Agüío, Barranquilla)","",NA,NA
"","","Spinus psaltria","Lesser Goldfinch","Jilguero Menor (Mozotillo de Charral)","",NA,NA
"","","Spinus xanthogastrus","Yellow-bellied Siskin","Jilguero Vientriamarillo (Mozotillo de Montaña)","",NA,NA
"","Rhodinocichlidae","","","","",NA,NA
"","","Rhodinocichla rosea","Rosy Thrush-Tanager","Tangara Pechirrosada (Queo)","",NA,NA
"","Passerellidae","","","","",NA,NA
"","","Chlorospingus canigularis","Ashy-throated Chlorospingus","Tangara de Monte Gargantigrís","",NA,NA
"","","Chlorospingus pileatus","Sooty-capped Chlorospingus","Tangara de Monte Cejiblanca","",NA,NA
"","","Chlorospingus flavopectus","Common Chlorospingus","Tangara de Monte Ojeruda (Cuatro Ojos)","",NA,NA
"","","Peucaea ruficauda","Stripe-headed Sparrow","Sabanero Cabecilistado (Pájaro Chicle, Albarda Nueva, Ratoncillo)","","Stripe-headed Sparrow",NA
"","","Peucaea botterii","Botteri's Sparrow","Sabanero Pechianteado","","Botteri's Sparrow",NA
"","","Ammodramus savannarum","Grasshopper Sparrow","Sabanero Colicorto","",NA,NA
"","","Arremonops rufivirgatus","Olive Sparrow","Pinzón Aceitunado (Timbón)","","Olive Sparrow",NA
"","","Arremonops conirostris","Black-striped Sparrow","Pinzón  Cabecilistado (Purisquero, Pájaro Suzuki)","",NA,NA
"","","Spizella  passerina","Chipping Sparrow","Chimbito Común","",NA,NA
"","","Spizella pallida","Clay-colored Sparrow","Chingolo Pálido","",NA,NA
"","","Chondestes grammacus","Lark Sparrow","Sabanero Arlequín","",NA,NA
"","","Arremon costaricensis","Costa Rican Brushfinch","Saltón Costarricense","",NA,NA
"","","Arremon aurantiirostris","Orange-billed Sparrow","Pinzón Piquinaranja (Pico Chile, Pico Rojo, Pico de Oro)","",NA,NA
"","","Arremon brunneinucha","Chestnut-capped Brushfinch","Saltón Cabecicastaño","",NA,NA
"","","Arremon crassirostris","Sooty-faced Finch","Pinzón Barranquero","",NA,NA
"","","Junco vulcani","Volcano Junco","Junco Paramero (Junco Volcanero)","",NA,NA
"","","Zonotrichia capensis","Rufous-collared Sparrow","Chingolo (Comemaíz, Pirrís)","",NA,NA
"","","Zonotrichia leucophrys","White-crowned Sparrow","Chingolo Coroniblanco","",NA,NA
"","","Passerculus sandwichensis","Savannah Sparrow","Sabanero Zanjero","",NA,NA
"","","Melospiza lincolnii","Lincoln's Sparrow","Sabanero de Lincoln","",NA,NA
"","","Pezopetes capitalis","Large-footed Finch","Saltón Patigrande","",NA,NA
"","","Melozone leucotis","White-eared Ground-Sparrow","Pinzón Orejiblanco (Cuatro Ojos, Payasito)","",NA,NA
"","","Melozone cabanisi","Cabanis's Ground-Sparrow","Pinzón Costarricense (Pinzón Cafetalero, Jupa Roja, Rey de Comemaíz, Mercenario)","",NA,NA
"","","Aimophila rufescens","Rusty Sparrow","Sabanero Rojizo","",NA,NA
"","","Atlapetes albinucha","White-naped Brushfinch","Saltón Gargantiamarilla (Comepuntas, Purisco)","",NA,NA
"","","Atlapetes tibialis","Yellow-thighed Brushfinch","Saltón de Muslos Amarillos (Calzones Amarillos)","",NA,NA
"","Zeledoniidae","","","","",NA,NA
"","","Zeledonia coronata","Wrenthrush","Zeledonia","",NA,NA
"","Icteriidae","","","","",NA,NA
"","","Icteria virens","Yellow-breasted Chat","Reinita Grande","",NA,NA
"","Icteridae","","","","",NA,NA
"","","Xanthocephalus xanthocephalus","Yellow-headed Blackbird","Tordo Cabecidorado","",NA,NA
"","","Dolichonyx oryzivorus","Bobolink","Tordo Arrocero","",NA,NA
"","","Sturnella magna","Eastern Meadowlark","Zacatero Común (Zacatera, Carmelo)","","Eastern Meadowlark",NA
"","","Leistes militaris","Red-breasted Meadowlark","Tordo Pechirrojo","","Red-breasted Meadowlark",NA
"","","Amblycercus holosericeus","Yellow-billed Cacique","Cacique Picoplata (Pico de Plata)","",NA,NA
"","","Psarocolius decumanus","Crested Oropendola","Oropéndola Crestada","",NA,NA
"","","Psarocolius wagleri","Chestnut-headed Oropendola","Oropéndola Cabecicastaña (Oropéndola, Oropel, Guacalillo)","",NA,NA
"","","Psarocolius montezuma","Montezuma Oropendola","Oropéndola de Moctezuma (Oropéndola)","","Montezuma Oropendola",NA
"","","Cacicus uropygialis","Scarlet-rumped Cacique","Cacique Lomiescarlata (Sargento, Plío)","","Scarlet-rumped Cacique",NA
"","","Icterus prosthemelas","Black-cowled Oriole","Bolsero Capuchinegro (Chorcha del Platanar, Cacique Amarillo)","",NA,NA
"","","Icterus spurius","Orchard Oriole","Bolsero Castaño (Cacique Ahumado)","","Orchard Oriole",NA
"","","Icterus chrysater","Yellow-backed Oriole","Bolsero Dorsidorado","",NA,NA
"","","Icterus mesomelas","Yellow-tailed Oriole","Bolsero Coliamarillo (Chorcha, Chiltote, Chiltotel)","",NA,NA
"","","Icterus pustulatus","Streak-backed Oriole","Bolsero Dorsilistado (Chilchote, Chilto, Chorchín, Chorcha)","","Streak-backed Oriole",NA
"","","Icterus bullockii","Bullock's Oriole","Bolsero de Bullock","","Bullock's Oriole",NA
"","","Icterus pectoralis","Spot-breasted Oriole","Bolsero Pechimanchado (Balsero, Chiltote)","","Spot-breasted Oriole",NA
"","","Icterus galbula","Baltimore Oriole","Bolsero Norteño (Cacique Veranero, Cacicón, Naranjero)","","Baltimore Oriole",NA
"","","Agelaius phoeniceus","Red-winged Blackbird","Tordo Sargento (Sargento)","",NA,NA
"","","Molothrus bonariensis","Shiny Cowbird","Vaquero Mirlo","",NA,NA
"","","Molothrus aeneus","Bronzed Cowbird","Vaquero Ojirrojo (Pius)","",NA,NA
"","","Molothrus oryzivorus","Giant Cowbird","Vaquero Grande","",NA,NA
"","","Dives dives","Melodious Blackbird","Tordo Cantor","","Melodious Blackbird",NA
"","","Quiscalus mexicanus","Great-tailed Grackle","Zanate Grande (Sanate, Zanate)","","Great-tailed Grackle",NA
"","","Quiscalus nicaraguensis","Nicaraguan Grackle","Zanate de Laguna (Totí, Garrapatero)","",NA,NA
"","Parulidae","","","","",NA,NA
"","","Seiurus aurocapilla","Ovenbird","Reinita Hornera","","Ovenbird",NA
"","","Helmitheros vermivorum","Worm-eating Warbler","Reinita Gusanera","","Worm-eating Warbler",NA
"","","Parkesia motacilla","Louisiana Waterthrush","Reinita Acuática Piquigrande (Menea Cola, Tordo de Agua)","",NA,NA
"","","Parkesia noveboracensis","Northern Waterthrush","Reinita Acuática Norteña (Menea Cola, Tordo de Agua)","","Northern Waterthrush",NA
"","","Vermivora chrysoptera","Golden-winged Warbler","Reinita Alidorada","","Golden-winged Warbler",NA
"","","Vermivora cyanoptera","Blue-winged Warbler","Reinita Aliazul","",NA,NA
"","","Mniotilta varia","Black-and-white Warbler","Reinita Trepadora (Zebrita)","","Black-and-white Warbler",NA
"","","Protonotaria citrea","Prothonotary Warbler","Reinita Cabecidorada","","Prothonotary Warbler",NA
"","","Oreothlypis gutturalis","Flame-throated Warbler","Reinita Garganta de Fuego","",NA,NA
"","","Leiothlypis peregrina","Tennessee Warbler","Reinita Verdilla (Cazadorcita)","","Tennessee Warbler",NA
"","","Leiothlypis celata","Orange-crowned Warbler","Reinita Olivácea","",NA,NA
"","","Leiothlypis ruficapilla","Nashville Warbler","Reinita Cachetigrís","",NA,NA
"","","Oporornis agilis","Connecticut Warbler","Reinita Ojianillada","","Connecticut Warbler",NA
"","","Geothlypis poliocephala","Gray-crowned Yellowthroat","Antifacito Coronigrís","","Gray-crowned Yellowthroat",NA
"","","Geothlypis tolmiei","MacGillivray's Warbler","Reinita de Tupidero","",NA,NA
"","","Geothlypis philadelphia","Mourning Warbler","Reinita Enlutada","","Mourning Warbler",NA
"","","Geothlypis formosa","Kentucky Warbler","Reinita Cachetinegra","","Kentucky Warbler",NA
"","","Geothlypis semiflava","Olive-crowned Yellowthroat","Antifacito Coroniolivo","",NA,NA
"","","Geothlypis trichas","Common Yellowthroat","Antifacito Norteño","",NA,NA
"","","Setophaga citrina","Hooded Warbler","Reinita Encapuchada","",NA,NA
"","","Setophaga ruticilla","American Redstart","Candelita Norteña (Raya Roja)","","American Redstart",NA
"","","Setophaga tigrina","Cape May Warbler","Reinita Tigrina","",NA,NA
"","","Setophaga cerulea","Cerulean Warbler","Reinita Cerulea","",NA,NA
"","","Setophaga americana","Northern Parula","Parula Norteña","",NA,NA
"","","Setophaga pitiayumi","Tropical Parula","Parula Tropical","",NA,NA
"","","Setophaga magnolia","Magnolia Warbler","Reinita Colifajeada","","Magnolia Warbler",NA
"","","Setophaga castanea","Bay-breasted Warbler","Reinita Castaña","",NA,NA
"","","Setophaga fusca","Blackburnian Warbler","Reinita Gorginaranja","","Blackburnian Warbler",NA
"","","Setophaga petechia","Yellow Warbler","Reinita Amarilla (Canarita)","","Yellow Warbler",NA
"","","Setophaga pensylvanica","Chestnut-sided Warbler","Reinita de Costillas Castañas","","Chestnut-sided Warbler",NA
"","","Setophaga striata","Blackpoll Warbler","Reinita Rayada","",NA,NA
"","","Setophaga caerulescens","Black-throated Blue Warbler","Reinita Azul y Negro","",NA,NA
"","","Setophaga palmarum","Palm Warbler","Reinita Coronicastaña","",NA,NA
"","","Setophaga pinus","Pine Warbler","Reinita de Pinos","",NA,NA
"","","Setophaga coronata","Yellow-rumped Warbler","Reinita Lomiamarilla","","Yellow-rumped Warbler",NA
"","","Setophaga dominica","Yellow-throated Warbler","Reinita Gorgiamarilla","",NA,NA
"","","Setophaga discolor","Prairie Warbler","Reinita Galana","",NA,NA
"","","Setophaga townsendi","Townsend's Warbler","Reinita de Townsend","",NA,NA
"","","Setophaga occidentalis","Hermit Warbler","Reinita Cabecigualda","",NA,NA
"","","Setophaga chrysoparia","Golden-cheeked Warbler","Reinita Caridorada","",NA,NA
"","","Setophaga virens","Black-throated Green Warbler","Reinita Cariamarilla","","Black-throated Green Warbler",NA
"","","Basileuterus delattrii","Chestnut-capped Warbler","Reinita Cabecicastaña","","Chestnut-capped Warbler",NA
"","","Basileuterus melanogenys","Black-cheeked Warbler","Reinita Carinegra","",NA,NA
"","","Basileuterus culicivorus","Golden-crowned Warbler","Reinita Coronidorada","",NA,NA
"","","Basileuterus melanotis","Costa Rican Warbler","Reinita Costarricense","",NA,NA
"","","Myiothlypis fulvicauda","Buff-rumped Warbler","Reinita Guardaribera (Cola Amarilla)","",NA,NA
"","","Cardellina canadensis","Canada Warbler","Reinita Pechirrayada","","Canada Warbler",NA
"","","Cardellina pusilla","Wilson's Warbler","Reinita Gorrinegra (Curruquita)","",NA,NA
"","","Myioborus miniatus","Slate-throated Redstart","Candelita Pechinegra (Candelita)","",NA,NA
"","","Myioborus torquatus","Collared Redstart","Candelita Collareja (Amigo de Hombre)","",NA,NA
"","Mitrospingidae","","","","",NA,NA
"","","Mitrospingus cassinii","Dusky-faced Tanager","Tangara Carinegruzca","",NA,NA
"","Cardinalidae","","","","",NA,NA
"","","Piranga flava","Hepatic Tanager","Tangara Bermeja (Cardenal)","X",NA,NA
"","","Piranga rubra","Summer Tanager","Tangara Veranera (Cardenal Veranero, Pan de Achiote, Sangre Toro)","","Summer Tanager",NA
"","","Piranga olivacea","Scarlet Tanager","Tangara Escarlata (Cardenal Alas Negras)","","Scarlet Tanager",NA
"","","Piranga ludoviciana","Western Tanager","Tangara Carirroja","","Western Tanager",NA
"","","Piranga bidentata","Flame-colored Tanager","Tangara Dorsirrayado (Cardenal)","",NA,NA
"","","Piranga leucoptera","White-winged Tanager","Tangara Aliblanca (Cardenalito)","",NA,NA
"","","Habia rubica","Red-crowned Ant-Tanager","Tangara Hormiguera Coronirroja (Relicario)","",NA,NA
"","","Habia fuscicauda","Red-throated Ant-Tanager","Tangara Hormiguera Gorgirroja","","Red-throated Ant-Tanager",NA
"","","Habia atrimaxillaris","Black-cheeked Ant-Tanager","Tangara Hormiguera Carinegra","",NA,NA
"","","Chlorothraupis carmioli","Carmiol's Tanager","Tangara Aceitunada","",NA,NA
"","","Caryothraustes poliogaster","Black-faced Grosbeak","Picogrueso Carinegro (Sarapiqueña)","",NA,NA
"","","Pheucticus tibialis","Black-thighed Grosbeak","Picogrueso Vientriamarillo (Chorcho, Maizero, Chiltote)","",NA,NA
"","","Pheucticus ludovicianus","Rose-breasted Grosbeak","Picogrueso Pechirrosado (Calandria)","","Rose-breasted Grosbeak",NA
"","","Pheucticus melanocephalus","Black-headed Grosbeak","Picogrueso Cabecinegro","",NA,NA
"","","Amaurospiza concolor","Blue Seedeater","Semillero Azulado","",NA,NA
"","","Cyanoloxia cyanoides","Blue-black Grosbeak","Picogrueso Negro Azulado","",NA,NA
"","","Passerina caerulea","Blue Grosbeak","Picogrueso Azul (Alondra)","","Blue Grosbeak",NA
"","","Passerina cyanea","Indigo Bunting","Azulillo Norteño (Indris)","","Indigo Bunting",NA
"","","Passerina ciris","Painted Bunting","Azulillo Sietecolores (Arcoiris, Siete Colores)","","Painted Bunting",NA
"","","Spiza americana","Dickcissel","Sabanero Arrocero (Arrocero, Pius)","","Dickcissel",NA
"","Thraupidae","","","","",NA,NA
"","","Eucometis  penicillata","Gray-headed Tanager","Tangara Cabecigrís","","Gray-headed Tanager",NA
"","","Loriotus luctuosus","White-shouldered Tanager","Tangara Caponiblanca","",NA,NA
"","","Tachyphonus delatrii","Tawny-crested Tanager","Tangara Coronidorada","",NA,NA
"","","Tachyphonus rufus","White-lined Tanager","Tangara Forriblanca (Fraile)","",NA,NA
"","","Lanio leucothorax","White-throated Shrike-Tanager","Tangara Piquiganchuda","",NA,NA
"","","Ramphocelus sanguinolentus","Crimson-collared Tanager","Tangara Capuchirroja (Rey de Sargento, Sangre de Toro)","",NA,NA
"","","Ramphocelus flammigerus","Flame-rumped Tanager","Tangara Flamígera","",NA,NA
"","","Ramphocelus passerinii","Scarlet-rumped Tanager","Tangara de Passerini (Sargento, Rabadilla Tinta, Terciopelo, Sangre de Toro)","",NA,NA
"","","Ramphocelus dimidiatus","Crimson-backed Tanager","Tangara Dorsirrojo","",NA,NA
"","","Bangsia arcaei","Blue-and-gold Tanager","Tangara de Costillas Negras (Agüión)","",NA,NA
"","","Thraupis episcopus","Blue-gray Tanager","Tangara Azuleja (Viudita, Viuda)","","Blue-gray Tanager",NA
"","","Thraupis abbas","Yellow-winged Tanager","Tangara Aliamarilla","",NA,NA
"","","Thraupis palmarum","Palm Tanager","Tangara Palmera (Viudita de la Costa)","",NA,NA
"","","Ixothraupis guttata","Speckled Tanager","Tangara Moteada (Cebra)","",NA,NA
"","","Stilpnia larvata","Golden-hooded Tanager","Tangara Capuchidorada (Juana, Mariposa, Siete Colores)","",NA,NA
"","","Tangara dowii","Spangle-cheeked Tanager","Tangara Vientricastaña (Mariposa de Clima Frío)","",NA,NA
"","","Tangara inornata","Plain-colored Tanager","Tangara Cenicienta","",NA,NA
"","","Tangara lavinia","Rufous-winged Tanager","Tangara Alirrufa","",NA,NA
"","","Tangara gyrola","Bay-headed Tanager","Tangara Cabecicastaña (Pavito)","",NA,NA
"","","Tangara florida","Emerald Tanager","Tangara Orejinegra","",NA,NA
"","","Tangara icterocephala","Silver-throated Tanager","Tangara Dorada (Rayo de Sol, Chia, Juanita)","",NA,NA
"","","Dacnis venusta","Scarlet-thighed Dacnis","Mielero Celeste y Negro (Calzones Rojos)","",NA,NA
"","","Dacnis cayana","Blue Dacnis","Mielero Azulejo (Rey de Viuda)","",NA,NA
"","","Cyanerpes lucidus","Shining Honeycreeper","Mielero Luciente (Picudo Patiamarillo)","",NA,NA
"","","Cyanerpes cyaneus","Red-legged Honeycreeper","Mielero Patirrojo (Picudo, Mielero, Tucuso, Trepador)","","Red-legged Honeycreeper",NA
"","","Chlorophanes spiza","Green Honeycreeper","Mielero Verde (Rey de Mar, Verde Mar, Rey de Trepadores)","",NA,NA
"","","Heterospingus rubrifrons","Sulphur-rumped Tanager","Tangara Lomiazufrada","",NA,NA
"","","Chrysothlypis chrysomelas","Black-and-yellow Tanager","Tangara Negro y Dorado","",NA,NA
"","","Diglossa plumbea","Slaty Flowerpiercer","Pinchaflor Plomizo","",NA,NA
"","","Haplospiza rustica","Slaty Finch","Fringilo Plomizo (Semillero)","",NA,NA
"","","Acanthidops bairdi","Peg-billed Finch","Fringilo Piquiagudo (Semillero)","",NA,NA
"","","Sicalis luteola","Grassland Yellow-Finch","Chirigue Sabanero","",NA,NA
"","","Emberizoides herbicola","Wedge-tailed Grass-Finch","Sabanero Coludo (Chicharrón)","",NA,NA
"","","Volatinia jacarina","Blue-black Grassquit","Semillerito Negro Azulado (Brea, Pius, Piusillo Negro, Saltapalito)","","Blue-black Grassquit",NA
"","","Sporophila bouvronides","Lesson's Seedeater","Espiguero de Lesson","",NA,NA
"","","Sporophila lineola","Lined Seedeater","Espiguero Bigotudo (Setillero)","",NA,NA
"","","Sporophila minuta","Ruddy-breasted Seedeater","Espiguero Menudo (Setillero Ladrillo)","",NA,NA
"","","Sporophila funerea","Thick-billed Seed-Finch","Semillero Picogrueso","",NA,NA
"","","Sporophila nuttingi","Nicaraguan Seed-Finch","Semillero Piquirrosado","",NA,NA
"","","Sporophila corvina","Variable Seedeater","Espiguero Variable (Setillero Collarejo, Monjito, Arrocerito)","",NA,NA
"","","Sporophila morelleti","Morelet's Seedeater","Espiguero Collarejo (Setillero Collarejo)","","Morelet's Seedeater",NA
"","","Sporophila nigricollis","Yellow-bellied Seedeater","Espiguero Vientriamarillo (Setillero Panameño)","",NA,NA
"","","Sporophila schistacea","Slate-colored Seedeater","Espiguero Pizarroso (Setillero)","",NA,NA
"","","Coereba flaveola","Bananaquit","Reinita Mielera (Pincha Flor, Santa Marta)","",NA,NA
"","","Tiaris olivaceus","Yellow-faced Grassquit","Semillerito Cariamarillo (Gallito)","",NA,NA
"","","Pinaroloxias inornata","Cocos Finch","Pinzón de la Isla del Coco","",NA,NA
"","","Saltator maximus","Buff-throated Saltator","Saltator Gorgianteado (Chayotero, Chojui, Comepuntas, Sinsonte Verde)","",NA,NA
"","","Saltator atriceps","Black-headed Saltator","Saltator Cabecinegro (Chayotero)","",NA,NA
"","","Saltator grandis","Cinnamon-bellied Saltator","Saltator Grisáceo (Comepuntas, Come Chayote, Sensontle, Sinsonte)","",NA,NA
"","","Saltator striatipectus","Streaked Saltator","Saltator Listado","",NA,NA
"","","Saltator grossus","Slate-colored Grosbeak","Picogrueso Piquirrojo","",NA,NA
